id,organizationId,name,description,dimension,priority,adoptionRate,behaviorCount,createdAt,updatedAt
76a5e3c7-bb7f-4e3f-bf4d-03df55b0a861,1a50d0f7-eedc-4f49-9ea1-3807bebd9947,Accountability,Champion accountability across the organization,Individual,5,84.2,375,2025-01-17T20:33:44.204085,2025-11-17T20:33:44.204088
486cdf1f-d81e-4a7b-acf3-57a4e37ba1b2,1a50d0f7-eedc-4f49-9ea1-3807bebd9947,Innovation,Embrace innovation across the organization,Team,2,62.9,378,2025-03-09T20:33:44.204099,2025-11-17T20:33:44.204101
49fb2059-937a-45d2-b3b9-54c989062d4a,1a50d0f7-eedc-4f49-9ea1-3807bebd9947,Respect,Cultivate respect across the organization,Individual,5,60.5,267,2025-07-24T20:33:44.204110,2025-11-17T20:33:44.204112
5c86f0eb-ce7d-4fa3-b374-c89968b0409f,1a50d0f7-eedc-4f49-9ea1-3807bebd9947,Transparency,Champion transparency across the organization,Individual,5,94.0,498,2025-01-26T20:33:44.204140,2025-11-17T20:33:44.204142
fd9fb5cd-a01f-48d2-b849-c5d01b091efe,1a50d0f7-eedc-4f49-9ea1-3807bebd9947,Customer Focus,Foster customer focus across the organization,Team,3,82.5,169,2025-03-05T20:33:44.204154,2025-11-17T20:33:44.204156
b4eaf3de-da4d-4a9e-8b9c-c8dd96075526,1a50d0f7-eedc-4f49-9ea1-3807bebd9947,Empowerment,Foster empowerment across the organization,Organizational,4,40.4,112,2025-03-23T20:33:44.204170,2025-11-17T20:33:44.204172
0c41d23e-33b4-4059-abb0-b7c2cde8e5be,1a50d0f7-eedc-4f49-9ea1-3807bebd9947,Agility,Create agility across the organization,Team,5,53.3,198,2024-12-10T20:33:44.204180,2025-11-17T20:33:44.204182
ae38ae1f-3c20-4539-b3be-7777890333f0,1a50d0f7-eedc-4f49-9ea1-3807bebd9947,Integrity,Embrace integrity across the organization,Organizational,5,81.8,135,2025-06-03T20:33:44.204194,2025-11-17T20:33:44.204196
e61fe1d1-2125-4b09-847f-0564ad57c2ca,1a50d0f7-eedc-4f49-9ea1-3807bebd9947,Diversity,Drive diversity across the organization,Team,1,52.8,187,2025-08-15T20:33:44.204204,2025-11-17T20:33:44.204207
0a4729ee-9450-44ca-83ec-ead132b508fd,1a50d0f7-eedc-4f49-9ea1-3807bebd9947,Sustainability,Pursue sustainability across the organization,Individual,4,86.7,382,2025-03-15T20:33:44.204227,2025-11-17T20:33:44.204231
6da92f7a-ec8a-42fe-8b42-f0fcfb9659aa,14ce0afd-539f-4aef-b356-cb0d114c156f,Sustainability,Demonstrate sustainability across the organization,Organizational,4,83.3,71,2024-12-04T20:33:44.228340,2025-11-17T20:33:44.228342
5fbcba79-ec4b-47b8-b5b6-438067636169,14ce0afd-539f-4aef-b356-cb0d114c156f,Collaboration,Champion collaboration across the organization,Individual,4,42.1,17,2024-12-11T20:33:44.228352,2025-11-17T20:33:44.228354
09795354-822a-41a2-a915-d197a8cff698,14ce0afd-539f-4aef-b356-cb0d114c156f,Innovation,Foster innovation across the organization,Individual,4,45.5,340,2025-04-28T20:33:44.228363,2025-11-17T20:33:44.228365
d8383808-5d9e-4d69-b271-88a49f875a74,14ce0afd-539f-4aef-b356-cb0d114c156f,Accountability,Build accountability across the organization,Organizational,5,74.8,103,2025-07-05T20:33:44.228372,2025-11-17T20:33:44.228374
39610e17-4d19-464d-875c-3546754c828f,14ce0afd-539f-4aef-b356-cb0d114c156f,Agility,Enable agility across the organization,Organizational,4,90.8,400,2025-04-07T20:33:44.228385,2025-11-17T20:33:44.228387
8d41b880-75b3-43db-90c9-f5e1fb1c5aac,14ce0afd-539f-4aef-b356-cb0d114c156f,Transparency,Build transparency across the organization,Team,4,66.3,176,2025-01-05T20:33:44.228399,2025-11-17T20:33:44.228401
4a61e0b7-add8-4a1f-99c1-2e3b7efb4436,14ce0afd-539f-4aef-b356-cb0d114c156f,Excellence,Cultivate excellence across the organization,Individual,2,51.5,120,2025-06-02T20:33:44.228408,2025-11-17T20:33:44.228409
45bf66d6-8c06-4195-8753-2716b7d69c07,14ce0afd-539f-4aef-b356-cb0d114c156f,Respect,Champion respect across the organization,Individual,5,40.9,64,2025-03-23T20:33:44.228416,2025-11-17T20:33:44.228418
2a00fccb-77b3-4281-9237-c43ad8d4c7e5,73b8f40c-8497-4466-9fa2-3e7d49686bf1,Empowerment,Pursue empowerment across the organization,Individual,3,50.6,321,2024-12-28T20:33:44.251997,2025-11-17T20:33:44.251999
840c2bed-aa80-4665-9eec-6c951a677264,73b8f40c-8497-4466-9fa2-3e7d49686bf1,Excellence,Cultivate excellence across the organization,Team,4,78.9,277,2025-05-03T20:33:44.252008,2025-11-17T20:33:44.252010
ffe5d46a-0c3c-402c-ae94-82b5ed764a82,73b8f40c-8497-4466-9fa2-3e7d49686bf1,Diversity,Pursue diversity across the organization,Individual,4,92.7,460,2025-05-09T20:33:44.252020,2025-11-17T20:33:44.252022
edba8a1c-e5a7-48d6-936c-bb2d4bf3d276,73b8f40c-8497-4466-9fa2-3e7d49686bf1,Integrity,Build integrity across the organization,Team,1,76.1,178,2025-02-22T20:33:44.252034,2025-11-17T20:33:44.252036
586f195e-cf86-437f-a5a1-1d4881501b3e,73b8f40c-8497-4466-9fa2-3e7d49686bf1,Sustainability,Demonstrate sustainability across the organization,Team,5,63.8,458,2025-04-15T20:33:44.252044,2025-11-17T20:33:44.252056
3c356bd2-12a8-4f5b-b071-b4a69cffd327,73b8f40c-8497-4466-9fa2-3e7d49686bf1,Innovation,Embrace innovation across the organization,Organizational,5,59.5,463,2024-11-17T20:33:44.252083,2025-11-17T20:33:44.252085
c1d3907a-971a-410c-9a0c-9532cbfc3f75,16515368-eaa7-4613-9890-9e32f0aeb2ba,Transparency,Cultivate transparency across the organization,Team,5,83.3,56,2025-04-18T20:33:44.266401,2025-11-17T20:33:44.266403
52d539c7-88a0-46cc-a7c6-1aea3225e0d2,16515368-eaa7-4613-9890-9e32f0aeb2ba,Respect,Build respect across the organization,Organizational,1,46.4,170,2025-02-27T20:33:44.266412,2025-11-17T20:33:44.266415
56f2daba-6761-4486-809d-d0f6e0e49f5a,16515368-eaa7-4613-9890-9e32f0aeb2ba,Diversity,Enable diversity across the organization,Team,5,55.2,61,2025-02-11T20:33:44.266425,2025-11-17T20:33:44.266427
4f5fa3cc-f668-4afe-bec0-1c9701932173,16515368-eaa7-4613-9890-9e32f0aeb2ba,Empowerment,Foster empowerment across the organization,Individual,5,70.0,467,2025-02-15T20:33:44.266435,2025-11-17T20:33:44.266436
2349b590-b5e4-4441-bfb4-4cb678a2e016,16515368-eaa7-4613-9890-9e32f0aeb2ba,Excellence,Pursue excellence across the organization,Individual,2,89.8,114,2024-12-22T20:33:44.266444,2025-11-17T20:33:44.266446
6c09cca7-6509-4576-a1d5-6baf43d39c47,16515368-eaa7-4613-9890-9e32f0aeb2ba,Collaboration,Pursue collaboration across the organization,Individual,5,81.7,322,2024-12-09T20:33:44.266458,2025-11-17T20:33:44.266460
2a376a29-5a8b-41fb-9f62-c648d66b3e37,497bcb7e-9da5-40e5-8031-e847512b8e93,Sustainability,Pursue sustainability across the organization,Team,5,88.6,283,2025-03-01T20:33:44.292968,2025-11-17T20:33:44.292971
8fa7e462-0692-48a8-913a-fbf17369d052,497bcb7e-9da5-40e5-8031-e847512b8e93,Diversity,Create diversity across the organization,Individual,2,48.3,74,2025-07-24T20:33:44.292981,2025-11-17T20:33:44.292984
2b577f3b-aadb-4155-a7c6-8ce83693cad1,497bcb7e-9da5-40e5-8031-e847512b8e93,Integrity,Drive integrity across the organization,Team,3,79.7,329,2024-12-18T20:33:44.292991,2025-11-17T20:33:44.292993
7e2f86ae-d4c1-4ebd-a8c2-b2eab215d3f9,497bcb7e-9da5-40e5-8031-e847512b8e93,Accountability,Enable accountability across the organization,Team,1,56.3,79,2025-07-22T20:33:44.293000,2025-11-17T20:33:44.293002
f0dd187c-e1f6-47bf-9040-ac83fe0ef8b5,497bcb7e-9da5-40e5-8031-e847512b8e93,Respect,Foster respect across the organization,Organizational,1,51.6,156,2025-06-07T20:33:44.293010,2025-11-17T20:33:44.293011
911e7ee2-940d-467f-b722-4eeaaef71cd7,497bcb7e-9da5-40e5-8031-e847512b8e93,Collaboration,Drive collaboration across the organization,Organizational,4,95.0,486,2024-12-23T20:33:44.293023,2025-11-17T20:33:44.293025
d9c052e6-5e9a-464b-a209-8ca89e6d447e,497bcb7e-9da5-40e5-8031-e847512b8e93,Innovation,Champion innovation across the organization,Individual,4,41.5,437,2025-01-12T20:33:44.293035,2025-11-17T20:33:44.293037
523c6f1d-e696-4f84-bcbf-16d1ac14b923,497bcb7e-9da5-40e5-8031-e847512b8e93,Agility,Demonstrate agility across the organization,Organizational,4,75.3,24,2025-06-19T20:33:44.293043,2025-11-17T20:33:44.293045
c069a6cf-c0da-488a-b9d3-322e1c1c7597,497bcb7e-9da5-40e5-8031-e847512b8e93,Transparency,Enable transparency across the organization,Organizational,4,47.8,51,2025-01-09T20:33:44.293052,2025-11-17T20:33:44.293054
33efb9d6-1271-42a4-b141-10b2eed4c063,497bcb7e-9da5-40e5-8031-e847512b8e93,Empowerment,Enable empowerment across the organization,Individual,2,52.9,145,2025-02-01T20:33:44.293065,2025-11-17T20:33:44.293066
ca39f702-745b-4b76-a3a5-aaa46f51b5b6,6031510e-9ab6-4a91-8041-36d78c7abedb,Sustainability,Build sustainability across the organization,Individual,4,48.6,244,2025-05-17T20:33:44.313348,2025-11-17T20:33:44.313351
272c6576-5b74-4805-9cf1-61869a38d210,6031510e-9ab6-4a91-8041-36d78c7abedb,Empowerment,Foster empowerment across the organization,Individual,4,73.9,21,2025-01-30T20:33:44.313359,2025-11-17T20:33:44.313362
8b0aba61-a698-4c15-89ce-b6e42a539198,6031510e-9ab6-4a91-8041-36d78c7abedb,Transparency,Demonstrate transparency across the organization,Individual,2,94.3,310,2025-01-26T20:33:44.313370,2025-11-17T20:33:44.313372
deb69289-b7af-4fb5-8813-7909d740a90a,6031510e-9ab6-4a91-8041-36d78c7abedb,Collaboration,Embrace collaboration across the organization,Individual,4,59.6,34,2025-06-21T20:33:44.313379,2025-11-17T20:33:44.313381
ac0267ff-f79f-4e02-90df-7ab525b78f06,6031510e-9ab6-4a91-8041-36d78c7abedb,Agility,Champion agility across the organization,Team,1,56.3,350,2025-08-14T20:33:44.313392,2025-11-17T20:33:44.313396
900515b6-8517-460f-90da-f35df39c61f5,6031510e-9ab6-4a91-8041-36d78c7abedb,Diversity,Embrace diversity across the organization,Team,1,88.8,223,2025-08-17T20:33:44.313409,2025-11-17T20:33:44.313410
e8a0565f-fed8-43f8-beb4-f21ad2080e38,09713e14-8a54-474e-a48a-64a44426ede0,Respect,Demonstrate respect across the organization,Organizational,1,79.5,271,2024-12-08T20:33:44.328337,2025-11-17T20:33:44.328339
4706c196-6b5d-47cf-8540-f0018fbdd712,09713e14-8a54-474e-a48a-64a44426ede0,Customer Focus,Enable customer focus across the organization,Team,4,69.2,259,2025-05-10T20:33:44.328347,2025-11-17T20:33:44.328349
69100b1f-c586-40dc-9842-bc08e6b20a93,09713e14-8a54-474e-a48a-64a44426ede0,Sustainability,Pursue sustainability across the organization,Organizational,3,83.1,159,2025-01-21T20:33:44.328361,2025-11-17T20:33:44.328364
8cb80a2a-7711-4405-b6a4-22c956d2d535,09713e14-8a54-474e-a48a-64a44426ede0,Innovation,Embrace innovation across the organization,Team,2,67.6,199,2025-04-24T20:33:44.328371,2025-11-17T20:33:44.328373
77bd1ef3-5d8d-4a78-a39d-33c3853143e3,09713e14-8a54-474e-a48a-64a44426ede0,Integrity,Pursue integrity across the organization,Team,3,83.0,228,2025-06-01T20:33:44.328379,2025-11-17T20:33:44.328381
a075d554-3e60-477b-a267-7afe0d898c41,09713e14-8a54-474e-a48a-64a44426ede0,Excellence,Drive excellence across the organization,Team,4,58.8,260,2025-04-26T20:33:44.328401,2025-11-17T20:33:44.328403
5ac7d0f5-e905-4530-8407-8c30634cb2e3,4ed7866c-d31b-42aa-8b74-5094e869c4d3,Respect,Build respect across the organization,Team,5,61.0,477,2025-04-19T20:33:44.356243,2025-11-17T20:33:44.356245
d9957581-8577-4bab-9ad8-b44e6ccb8291,4ed7866c-d31b-42aa-8b74-5094e869c4d3,Integrity,Pursue integrity across the organization,Team,2,81.6,406,2025-01-17T20:33:44.356253,2025-11-17T20:33:44.356255
ad37acef-c92f-41af-9a06-baaeb6a27ade,4ed7866c-d31b-42aa-8b74-5094e869c4d3,Sustainability,Champion sustainability across the organization,Individual,2,83.0,463,2025-07-06T20:33:44.356265,2025-11-17T20:33:44.356267
3c98b1a0-f67a-4657-a329-d6a9f5977207,4ed7866c-d31b-42aa-8b74-5094e869c4d3,Innovation,Demonstrate innovation across the organization,Organizational,2,55.9,404,2025-06-30T20:33:44.356280,2025-11-17T20:33:44.356282
b217c3c3-f848-497c-9520-4c466246ae6b,4ed7866c-d31b-42aa-8b74-5094e869c4d3,Empowerment,Create empowerment across the organization,Team,3,53.7,458,2025-06-10T20:33:44.356288,2025-11-17T20:33:44.356292
6bd6365e-ad21-4484-bbab-6ad3e3110f7e,4ed7866c-d31b-42aa-8b74-5094e869c4d3,Transparency,Build transparency across the organization,Team,1,72.2,123,2025-04-10T20:33:44.356301,2025-11-17T20:33:44.356303
0fac3c44-446a-4368-b967-004a7477b371,4ed7866c-d31b-42aa-8b74-5094e869c4d3,Agility,Champion agility across the organization,Individual,3,85.1,117,2025-04-24T20:33:44.356311,2025-11-17T20:33:44.356312
3b748fbb-e4f0-4c72-a6f9-794833cf82a3,543ad69e-2c6c-47b8-b2c1-b4a2238a5985,Respect,Embrace respect across the organization,Team,5,94.4,171,2025-06-16T20:33:44.385846,2025-11-17T20:33:44.385849
c4256c31-723d-4e09-a974-778aaaab2d50,543ad69e-2c6c-47b8-b2c1-b4a2238a5985,Integrity,Drive integrity across the organization,Team,4,50.6,233,2025-04-03T20:33:44.385862,2025-11-17T20:33:44.385864
d55b2d5b-40cc-4566-b2b2-d29772ca4085,543ad69e-2c6c-47b8-b2c1-b4a2238a5985,Agility,Enable agility across the organization,Team,1,59.4,80,2025-01-01T20:33:44.385872,2025-11-17T20:33:44.385874
b25909ce-f546-426a-95a2-ffe8770714e2,543ad69e-2c6c-47b8-b2c1-b4a2238a5985,Sustainability,Embrace sustainability across the organization,Individual,2,48.9,129,2025-07-26T20:33:44.385882,2025-11-17T20:33:44.385883
70e46a0f-82a7-4ca1-a396-5d3fea4d949c,543ad69e-2c6c-47b8-b2c1-b4a2238a5985,Innovation,Create innovation across the organization,Team,3,70.8,18,2025-02-18T20:33:44.385891,2025-11-17T20:33:44.385893
6717d85c-f014-4afd-9c83-fbba0e8d8f60,543ad69e-2c6c-47b8-b2c1-b4a2238a5985,Excellence,Build excellence across the organization,Team,5,50.1,461,2025-02-28T20:33:44.385904,2025-11-17T20:33:44.385907
64fc8bbc-6334-4077-bb6c-4b0669667b6d,543ad69e-2c6c-47b8-b2c1-b4a2238a5985,Collaboration,Embrace collaboration across the organization,Organizational,3,65.9,269,2025-06-25T20:33:44.385921,2025-11-17T20:33:44.385923
a32e7d4a-d9ec-413c-bc3c-511a23f43d5b,543ad69e-2c6c-47b8-b2c1-b4a2238a5985,Accountability,Build accountability across the organization,Team,4,70.5,166,2025-04-17T20:33:44.385930,2025-11-17T20:33:44.385932
c4c8571e-a347-4788-9627-6825bcae6ae6,543ad69e-2c6c-47b8-b2c1-b4a2238a5985,Transparency,Demonstrate transparency across the organization,Organizational,5,51.6,478,2024-12-30T20:33:44.385939,2025-11-17T20:33:44.385941
c1dbaf27-63a2-4007-bbd2-6447d3cf7af2,bc233657-babe-4732-b78f-26e216b55361,Collaboration,Demonstrate collaboration across the organization,Individual,5,83.9,343,2025-03-01T20:33:44.418069,2025-11-17T20:33:44.418072
ae6fb65f-a543-4c5f-9372-2aa9fc1c0728,bc233657-babe-4732-b78f-26e216b55361,Agility,Embrace agility across the organization,Individual,4,85.4,298,2025-02-20T20:33:44.418080,2025-11-17T20:33:44.418082
c7e61765-84d7-43be-b4f6-8b65d12ddec2,bc233657-babe-4732-b78f-26e216b55361,Diversity,Drive diversity across the organization,Organizational,2,78.3,117,2025-07-24T20:33:44.418088,2025-11-17T20:33:44.418090
19479553-cf54-450e-8828-51243140e7cd,bc233657-babe-4732-b78f-26e216b55361,Innovation,Foster innovation across the organization,Organizational,4,80.0,71,2025-02-05T20:33:44.418097,2025-11-17T20:33:44.418099
e0f5a7b7-acf2-4cd0-ab07-dea5da637fd8,bc233657-babe-4732-b78f-26e216b55361,Accountability,Champion accountability across the organization,Organizational,1,67.0,351,2025-06-07T20:33:44.418106,2025-11-17T20:33:44.418110
a69d7684-6046-43e7-8aca-8ada92c82048,bc233657-babe-4732-b78f-26e216b55361,Excellence,Create excellence across the organization,Individual,5,61.7,256,2025-04-22T20:33:44.418132,2025-11-17T20:33:44.418134
7746c64e-d477-41af-8813-61c4db7c9e7b,bc233657-babe-4732-b78f-26e216b55361,Integrity,Create integrity across the organization,Team,2,69.4,69,2025-02-18T20:33:44.418141,2025-11-17T20:33:44.418142
cf6f37cb-ed9c-49bf-b698-a929ce46a12f,bc233657-babe-4732-b78f-26e216b55361,Empowerment,Create empowerment across the organization,Organizational,4,67.6,208,2025-05-15T20:33:44.418149,2025-11-17T20:33:44.418151
18277bb9-9af5-4dfe-adfe-e53eabc6a169,bc233657-babe-4732-b78f-26e216b55361,Customer Focus,Create customer focus across the organization,Team,1,73.5,293,2025-01-17T20:33:44.418157,2025-11-17T20:33:44.418159
cba326e4-d440-4139-b12a-9c70554d26ba,567c5c32-9f20-4cb6-9ef2-db2cc27266a5,Empowerment,Create empowerment across the organization,Team,1,75.5,428,2025-04-06T20:33:44.446078,2025-11-17T20:33:44.446080
97537724-4942-46b3-81bb-379c08f073f5,567c5c32-9f20-4cb6-9ef2-db2cc27266a5,Innovation,Create innovation across the organization,Individual,1,47.1,255,2025-01-27T20:33:44.446087,2025-11-17T20:33:44.446089
8dd23094-45c7-4979-a866-4c787cfe4506,567c5c32-9f20-4cb6-9ef2-db2cc27266a5,Sustainability,Pursue sustainability across the organization,Individual,5,94.3,25,2025-01-30T20:33:44.446096,2025-11-17T20:33:44.446098
49dbf43d-cc58-4493-b9d9-c5252b8462a1,567c5c32-9f20-4cb6-9ef2-db2cc27266a5,Transparency,Pursue transparency across the organization,Organizational,3,73.3,168,2025-08-16T20:33:44.446104,2025-11-17T20:33:44.446106
80b7fa24-42e3-447e-a4ac-cd0c8d7901ef,567c5c32-9f20-4cb6-9ef2-db2cc27266a5,Excellence,Champion excellence across the organization,Organizational,5,46.4,172,2025-01-02T20:33:44.446112,2025-11-17T20:33:44.446121
c4de9144-1897-43c3-a162-f1bee64f27fd,f856ace8-12a1-4915-96b4-b915acb7f177,Excellence,Drive excellence across the organization,Individual,2,48.8,109,2024-11-24T20:33:44.456751,2025-11-17T20:33:44.456753
1416f377-4f2c-4bce-99d4-c7841498c816,f856ace8-12a1-4915-96b4-b915acb7f177,Empowerment,Enable empowerment across the organization,Organizational,1,50.7,138,2025-04-09T20:33:44.456762,2025-11-17T20:33:44.456764
ea8d506f-aa96-41ae-88e6-1c2a7a2ec512,f856ace8-12a1-4915-96b4-b915acb7f177,Collaboration,Embrace collaboration across the organization,Organizational,5,63.0,466,2025-04-13T20:33:44.456773,2025-11-17T20:33:44.456775
f61f0143-1605-47b9-81b6-3b4996377b74,f856ace8-12a1-4915-96b4-b915acb7f177,Integrity,Pursue integrity across the organization,Team,5,85.5,69,2025-07-13T20:33:44.456783,2025-11-17T20:33:44.456784
27ea978e-47f9-43a7-8735-f31c13ed3ed5,f856ace8-12a1-4915-96b4-b915acb7f177,Sustainability,Foster sustainability across the organization,Team,2,78.6,179,2025-05-08T20:33:44.456792,2025-11-17T20:33:44.456794
2df5eac2-a896-4907-bd0e-c85c6bed6c31,f856ace8-12a1-4915-96b4-b915acb7f177,Agility,Demonstrate agility across the organization,Organizational,5,84.3,37,2024-12-08T20:33:44.456809,2025-11-17T20:33:44.456811
ca4fda2d-3e62-481f-9d33-016719723b58,f856ace8-12a1-4915-96b4-b915acb7f177,Diversity,Champion diversity across the organization,Organizational,4,70.3,103,2025-08-18T20:33:44.456819,2025-11-17T20:33:44.456821
e0128a9f-0f52-42a8-9ca0-3203087958bf,f856ace8-12a1-4915-96b4-b915acb7f177,Customer Focus,Demonstrate customer focus across the organization,Team,4,91.3,104,2025-08-09T20:33:44.456829,2025-11-17T20:33:44.456830
a983364f-b5cf-4207-98ac-b520e761755e,f856ace8-12a1-4915-96b4-b915acb7f177,Accountability,Cultivate accountability across the organization,Organizational,3,49.2,36,2025-01-11T20:33:44.456838,2025-11-17T20:33:44.456840
9c1ca919-9b94-4bbe-b3d1-a3685e4fd23a,f856ace8-12a1-4915-96b4-b915acb7f177,Innovation,Drive innovation across the organization,Individual,1,60.3,202,2025-03-25T20:33:44.456847,2025-11-17T20:33:44.456849
87884ca8-ce58-47e7-a583-06c5a0091a33,271c5fe7-9739-419b-9031-53df2444ec52,Diversity,Foster diversity across the organization,Individual,3,68.1,303,2024-11-17T20:33:44.479535,2025-11-17T20:33:44.479537
69bce707-424d-4fec-8418-ac5a8199ce6d,271c5fe7-9739-419b-9031-53df2444ec52,Empowerment,Enable empowerment across the organization,Team,5,76.2,354,2025-06-19T20:33:44.479547,2025-11-17T20:33:44.479549
8f0b3281-1815-41e4-869b-eda9176622a4,271c5fe7-9739-419b-9031-53df2444ec52,Collaboration,Pursue collaboration across the organization,Organizational,3,57.6,306,2025-03-01T20:33:44.479558,2025-11-17T20:33:44.479560
f40eeecf-178e-46ed-a782-0bf0a93df8ed,271c5fe7-9739-419b-9031-53df2444ec52,Customer Focus,Champion customer focus across the organization,Team,3,43.0,186,2025-03-18T20:33:44.479585,2025-11-17T20:33:44.479587
864a7514-ba88-4e4c-a38d-6c150157ad73,271c5fe7-9739-419b-9031-53df2444ec52,Excellence,Champion excellence across the organization,Team,2,90.3,113,2025-01-20T20:33:44.479595,2025-11-17T20:33:44.479597
eeafb32f-4914-451e-83c0-0195b845405f,271c5fe7-9739-419b-9031-53df2444ec52,Transparency,Cultivate transparency across the organization,Team,1,74.2,264,2025-01-24T20:33:44.479610,2025-11-17T20:33:44.479612
515a5ef5-dfad-4c44-a9a3-17e3b5e4becc,271c5fe7-9739-419b-9031-53df2444ec52,Respect,Cultivate respect across the organization,Organizational,5,41.3,422,2025-02-09T20:33:44.479620,2025-11-17T20:33:44.479622
62d1651a-12a1-4dee-9b9d-97c7296f406c,271c5fe7-9739-419b-9031-53df2444ec52,Sustainability,Enable sustainability across the organization,Individual,5,70.2,365,2024-12-18T20:33:44.479630,2025-11-17T20:33:44.479632
dd17cd0e-d1dc-4878-ac56-dbd698cb6454,271c5fe7-9739-419b-9031-53df2444ec52,Agility,Cultivate agility across the organization,Team,1,51.7,286,2025-01-05T20:33:44.479640,2025-11-17T20:33:44.479641
364bf74e-ef35-4dd6-8769-7672d9ba4f81,271c5fe7-9739-419b-9031-53df2444ec52,Integrity,Build integrity across the organization,Organizational,2,77.6,82,2025-05-15T20:33:44.479649,2025-11-17T20:33:44.479651
b47a85de-5aad-4141-b84c-53033cb1c78f,06f99088-7e28-432c-b060-7420064cdb73,Customer Focus,Cultivate customer focus across the organization,Individual,4,91.9,64,2024-11-21T20:33:44.508087,2025-11-17T20:33:44.508092
b32b632f-29e7-449c-91ac-dcd871ed4ea8,06f99088-7e28-432c-b060-7420064cdb73,Integrity,Enable integrity across the organization,Team,1,49.8,130,2025-03-28T20:33:44.508102,2025-11-17T20:33:44.508104
31c1b02b-3ef5-47b8-a4e5-104ad1519d15,06f99088-7e28-432c-b060-7420064cdb73,Transparency,Demonstrate transparency across the organization,Individual,5,92.9,193,2025-07-09T20:33:44.508112,2025-11-17T20:33:44.508124
6a53f4f2-9399-4db9-a215-ea637349bce9,06f99088-7e28-432c-b060-7420064cdb73,Accountability,Champion accountability across the organization,Organizational,1,77.9,76,2025-05-07T20:33:44.508135,2025-11-17T20:33:44.508137
7eece0e3-af32-49f8-9575-ef4060b09d9e,06f99088-7e28-432c-b060-7420064cdb73,Collaboration,Cultivate collaboration across the organization,Organizational,1,56.5,368,2025-06-12T20:33:44.508146,2025-11-17T20:33:44.508148
e1957365-3012-4324-9e09-e1e696190bf8,f87be78c-30bd-4c50-b424-6bdf3a6902b1,Agility,Champion agility across the organization,Organizational,3,55.4,295,2025-06-16T20:33:44.545526,2025-11-17T20:33:44.545529
acc3270b-e916-4bfa-9669-05d81d9c42ef,f87be78c-30bd-4c50-b424-6bdf3a6902b1,Excellence,Enable excellence across the organization,Team,4,85.2,61,2024-12-05T20:33:44.545538,2025-11-17T20:33:44.545540
7a847fba-4b6f-445e-94fd-08d9d63c45f3,f87be78c-30bd-4c50-b424-6bdf3a6902b1,Innovation,Demonstrate innovation across the organization,Team,2,82.6,10,2025-02-13T20:33:44.545548,2025-11-17T20:33:44.545550
7ffd97cc-ac7b-44e5-a24b-f6f73e32f0dd,f87be78c-30bd-4c50-b424-6bdf3a6902b1,Integrity,Foster integrity across the organization,Team,2,54.9,20,2025-04-09T20:33:44.545558,2025-11-17T20:33:44.545560
25fabd6e-089e-47b9-b4f6-e2dcf8c2e504,f87be78c-30bd-4c50-b424-6bdf3a6902b1,Empowerment,Demonstrate empowerment across the organization,Team,5,51.7,109,2024-12-20T20:33:44.545567,2025-11-17T20:33:44.545569
d9f2e224-00af-4272-bcdf-6c7627d32f98,f87be78c-30bd-4c50-b424-6bdf3a6902b1,Transparency,Drive transparency across the organization,Team,1,75.1,79,2025-02-18T20:33:44.545583,2025-11-17T20:33:44.545585
0226bfd9-9750-4b86-8826-23f62854d1c2,f87be78c-30bd-4c50-b424-6bdf3a6902b1,Accountability,Foster accountability across the organization,Team,2,63.4,294,2025-01-13T20:33:44.545596,2025-11-17T20:33:44.545598
9fdbb070-9e25-4b66-a064-b8eca0a8424a,f87be78c-30bd-4c50-b424-6bdf3a6902b1,Collaboration,Embrace collaboration across the organization,Organizational,3,94.9,83,2024-12-02T20:33:44.545605,2025-11-17T20:33:44.545607
56ec63d3-72af-447c-b426-933ef7088535,f87be78c-30bd-4c50-b424-6bdf3a6902b1,Respect,Drive respect across the organization,Team,5,58.2,209,2025-02-22T20:33:44.545615,2025-11-17T20:33:44.545617
dfc128da-e851-4253-8d28-b59be9d9488c,f87be78c-30bd-4c50-b424-6bdf3a6902b1,Diversity,Drive diversity across the organization,Organizational,3,62.0,214,2025-05-01T20:33:44.545627,2025-11-17T20:33:44.545629
c374c35d-c5e9-46a0-98f6-a314495b013e,c37805f3-0cfa-4cf7-9328-d9b9514cfa0e,Customer Focus,Build customer focus across the organization,Team,4,72.4,444,2025-05-02T20:33:44.559763,2025-11-17T20:33:44.559765
df74c2ec-0024-428f-ba3f-b80aaff0613a,c37805f3-0cfa-4cf7-9328-d9b9514cfa0e,Collaboration,Drive collaboration across the organization,Team,5,45.3,479,2024-12-28T20:33:44.559773,2025-11-17T20:33:44.559775
e2bee333-6a07-45e9-9d36-b05bc11f06a5,c37805f3-0cfa-4cf7-9328-d9b9514cfa0e,Respect,Enable respect across the organization,Individual,1,59.8,51,2025-07-10T20:33:44.559782,2025-11-17T20:33:44.559784
096df243-8e8f-4348-b6ba-63c97047f680,c37805f3-0cfa-4cf7-9328-d9b9514cfa0e,Agility,Embrace agility across the organization,Organizational,5,56.5,479,2025-03-21T20:33:44.559791,2025-11-17T20:33:44.559793
36851651-fb80-4fa6-86f0-f332b98ca112,c37805f3-0cfa-4cf7-9328-d9b9514cfa0e,Innovation,Foster innovation across the organization,Organizational,3,82.4,222,2025-03-19T20:33:44.559800,2025-11-17T20:33:44.559802
8e5bee64-670f-4491-b8a0-f41dfbe1e7e2,bcf20639-4502-44da-9159-c857efba54c0,Integrity,Build integrity across the organization,Team,2,77.7,357,2025-05-17T20:33:44.571884,2025-11-17T20:33:44.571888
eb8806df-f0fe-4f90-ab38-188f78369086,bcf20639-4502-44da-9159-c857efba54c0,Excellence,Demonstrate excellence across the organization,Team,5,82.7,361,2025-01-07T20:33:44.571909,2025-11-17T20:33:44.571913
0c979b7c-530f-42f5-8ff3-4483a41b09f2,bcf20639-4502-44da-9159-c857efba54c0,Customer Focus,Create customer focus across the organization,Team,1,72.4,157,2025-07-07T20:33:44.571922,2025-11-17T20:33:44.571924
993b8028-b9bf-49d1-94c6-3256c6ff32ba,bcf20639-4502-44da-9159-c857efba54c0,Collaboration,Create collaboration across the organization,Team,2,69.2,393,2025-04-07T20:33:44.571932,2025-11-17T20:33:44.571934
2c607b01-2057-4ff1-8420-19225c557d57,bcf20639-4502-44da-9159-c857efba54c0,Sustainability,Champion sustainability across the organization,Team,3,70.9,70,2025-01-30T20:33:44.571941,2025-11-17T20:33:44.571943
82a6bf67-ecbf-45ae-9e54-7053ece53939,bcf20639-4502-44da-9159-c857efba54c0,Transparency,Build transparency across the organization,Individual,4,81.2,485,2025-04-30T20:33:44.571965,2025-11-17T20:33:44.571967
c723b758-9201-4c23-9904-fe6f984679e8,bcf20639-4502-44da-9159-c857efba54c0,Empowerment,Champion empowerment across the organization,Organizational,1,55.9,99,2025-07-30T20:33:44.571983,2025-11-17T20:33:44.571985
df15d62f-e47a-45c1-9a2f-b4b496d2a126,921471e5-440b-43b6-b0a8-66de633bd0f2,Excellence,Enable excellence across the organization,Organizational,4,76.5,253,2025-03-25T20:33:44.591756,2025-11-17T20:33:44.591758
284d2746-8c39-423c-a3d4-a3a38b57f3bf,921471e5-440b-43b6-b0a8-66de633bd0f2,Empowerment,Create empowerment across the organization,Team,2,74.8,340,2024-12-16T20:33:44.591767,2025-11-17T20:33:44.591770
c9b30c04-6939-45e1-805d-9517a447384b,921471e5-440b-43b6-b0a8-66de633bd0f2,Innovation,Champion innovation across the organization,Team,1,70.5,131,2024-11-20T20:33:44.591778,2025-11-17T20:33:44.591780
76510499-9556-4dad-9ef1-5b03dc4f5bcd,921471e5-440b-43b6-b0a8-66de633bd0f2,Respect,Pursue respect across the organization,Organizational,4,50.8,139,2025-03-19T20:33:44.591788,2025-11-17T20:33:44.591790
bb254202-9d7a-4b66-b8bc-b3b32276fd49,921471e5-440b-43b6-b0a8-66de633bd0f2,Agility,Demonstrate agility across the organization,Team,5,94.8,475,2025-04-29T20:33:44.591798,2025-11-17T20:33:44.591800
b5797ea2-e7f5-4033-b644-d64a8c116d2f,921471e5-440b-43b6-b0a8-66de633bd0f2,Diversity,Enable diversity across the organization,Organizational,4,45.8,427,2024-12-01T20:33:44.591813,2025-11-17T20:33:44.591815
a3696c03-b8d3-4f6c-b7af-64e171323ce8,921471e5-440b-43b6-b0a8-66de633bd0f2,Sustainability,Build sustainability across the organization,Organizational,3,83.5,333,2025-05-09T20:33:44.591823,2025-11-17T20:33:44.591825
b91c5de4-025a-4a3d-82e6-922ceb9103d4,921471e5-440b-43b6-b0a8-66de633bd0f2,Transparency,Embrace transparency across the organization,Individual,1,40.5,310,2024-12-27T20:33:44.591833,2025-11-17T20:33:44.591835
613a5802-e238-46f8-8549-4d4c19cee0ce,df2b6147-118d-4f62-b719-a077a69bf8bc,Empowerment,Demonstrate empowerment across the organization,Team,2,59.0,33,2025-08-01T20:33:44.630741,2025-11-17T20:33:44.630743
b62a38ed-853d-4e8a-9f0e-82bdda483e03,df2b6147-118d-4f62-b719-a077a69bf8bc,Excellence,Champion excellence across the organization,Team,2,59.2,179,2024-11-25T20:33:44.630752,2025-11-17T20:33:44.630754
6f48f3c0-e17d-4bf0-9440-183f25977377,df2b6147-118d-4f62-b719-a077a69bf8bc,Respect,Drive respect across the organization,Individual,5,41.8,394,2025-07-06T20:33:44.630765,2025-11-17T20:33:44.630767
a30b9842-902d-4c1c-935b-715fbbb77e9e,df2b6147-118d-4f62-b719-a077a69bf8bc,Accountability,Build accountability across the organization,Organizational,2,94.8,139,2024-11-27T20:33:44.630774,2025-11-17T20:33:44.630776
07374987-ab38-4fd2-8be3-460603ec71d4,df2b6147-118d-4f62-b719-a077a69bf8bc,Innovation,Drive innovation across the organization,Organizational,4,82.0,422,2025-01-29T20:33:44.630784,2025-11-17T20:33:44.630786
066bdd32-d056-427e-8745-f2a4be1ac555,df2b6147-118d-4f62-b719-a077a69bf8bc,Diversity,Demonstrate diversity across the organization,Team,2,44.7,34,2025-04-12T20:33:44.630798,2025-11-17T20:33:44.630800
73ddc5f9-b883-446b-a593-e5c2b990a58c,df2b6147-118d-4f62-b719-a077a69bf8bc,Collaboration,Drive collaboration across the organization,Team,3,45.2,496,2025-01-25T20:33:44.630812,2025-11-17T20:33:44.630814
66c17da6-4119-49f0-9082-a121e7f4a67c,df2b6147-118d-4f62-b719-a077a69bf8bc,Customer Focus,Cultivate customer focus across the organization,Individual,3,54.5,82,2025-07-06T20:33:44.630822,2025-11-17T20:33:44.630824
5b760c5b-0fe1-40f5-beda-82467f782624,df2b6147-118d-4f62-b719-a077a69bf8bc,Agility,Demonstrate agility across the organization,Individual,4,48.2,66,2025-03-18T20:33:44.630832,2025-11-17T20:33:44.630834
0c115ee2-f1b1-4911-8c0c-7878d64d2494,a1fd2ec2-6c83-478c-97a5-d9140fce1b05,Innovation,Drive innovation across the organization,Individual,5,85.0,124,2025-07-10T20:33:44.662396,2025-11-17T20:33:44.662399
4cc8070f-bd85-44a0-a12c-b227b5070186,a1fd2ec2-6c83-478c-97a5-d9140fce1b05,Empowerment,Build empowerment across the organization,Individual,1,62.7,56,2025-08-06T20:33:44.662408,2025-11-17T20:33:44.662410
795f7cf6-ddee-4f70-9b36-5cd10c4b870c,a1fd2ec2-6c83-478c-97a5-d9140fce1b05,Transparency,Pursue transparency across the organization,Organizational,1,79.3,234,2025-07-27T20:33:44.662417,2025-11-17T20:33:44.662419
09e8c368-c206-450a-bf84-232773d1b80b,a1fd2ec2-6c83-478c-97a5-d9140fce1b05,Respect,Foster respect across the organization,Team,5,85.7,472,2025-05-09T20:33:44.662427,2025-11-17T20:33:44.662428
80963ee6-6f28-48ae-b93c-6ab3f2de673c,a1fd2ec2-6c83-478c-97a5-d9140fce1b05,Diversity,Enable diversity across the organization,Organizational,5,57.0,107,2025-03-24T20:33:44.662435,2025-11-17T20:33:44.662437
82bc7efd-f790-42aa-9128-a5ee2a413e22,a1fd2ec2-6c83-478c-97a5-d9140fce1b05,Agility,Cultivate agility across the organization,Organizational,2,45.5,350,2024-11-25T20:33:44.662450,2025-11-17T20:33:44.662452
42585931-62e6-4b24-8867-a2429d595e02,e0d4c03d-9843-429e-a685-8efbd726dab3,Integrity,Enable integrity across the organization,Organizational,2,79.3,76,2025-06-12T20:33:44.676556,2025-11-17T20:33:44.676559
4cceefc8-c86c-4a71-9dea-e93584c109ad,e0d4c03d-9843-429e-a685-8efbd726dab3,Accountability,Champion accountability across the organization,Team,2,51.5,225,2025-04-24T20:33:44.676568,2025-11-17T20:33:44.676570
f9dfbeab-04b9-4420-942f-ac299e961b15,e0d4c03d-9843-429e-a685-8efbd726dab3,Respect,Demonstrate respect across the organization,Organizational,4,44.3,362,2024-12-22T20:33:44.676579,2025-11-17T20:33:44.676581
f0cbc9f6-f50a-4749-9cc3-d4a362eccbad,e0d4c03d-9843-429e-a685-8efbd726dab3,Sustainability,Foster sustainability across the organization,Individual,4,54.6,236,2025-08-04T20:33:44.676589,2025-11-17T20:33:44.676591
0a447b46-5563-42cb-b12a-192556412894,e0d4c03d-9843-429e-a685-8efbd726dab3,Transparency,Pursue transparency across the organization,Team,5,47.2,415,2025-04-22T20:33:44.676600,2025-11-17T20:33:44.676602
5eea8fe6-51da-47cd-bfad-6827b4e71dd8,e0d4c03d-9843-429e-a685-8efbd726dab3,Empowerment,Cultivate empowerment across the organization,Team,4,82.7,376,2025-06-17T20:33:44.676616,2025-11-17T20:33:44.676618
2884eea0-b4a3-40fe-b239-d43ce06764a1,e0d4c03d-9843-429e-a685-8efbd726dab3,Agility,Champion agility across the organization,Individual,5,75.7,379,2025-02-05T20:33:44.676626,2025-11-17T20:33:44.676628
d63036d7-bd03-418b-b36f-5128bf0e8d92,e0d4c03d-9843-429e-a685-8efbd726dab3,Excellence,Drive excellence across the organization,Team,2,66.0,167,2024-12-23T20:33:44.676636,2025-11-17T20:33:44.676638
d730a24b-991b-4ab8-aab7-d6d7ce73f026,e0d4c03d-9843-429e-a685-8efbd726dab3,Innovation,Drive innovation across the organization,Organizational,5,69.6,103,2025-06-11T20:33:44.676646,2025-11-17T20:33:44.676648
14305141-c3c7-4e96-b839-54d4378db808,e0d4c03d-9843-429e-a685-8efbd726dab3,Diversity,Build diversity across the organization,Individual,5,89.8,113,2025-06-05T20:33:44.676656,2025-11-17T20:33:44.676658
3ce0eeb3-a824-47ac-8e47-c2a9064c7721,ac722a25-e4f0-4609-b4dd-14a13dfead9f,Agility,Enable agility across the organization,Organizational,4,74.6,136,2025-06-14T20:33:44.696383,2025-11-17T20:33:44.696386
5145afc7-20ca-4c38-a6cb-1c3e2de55eb6,ac722a25-e4f0-4609-b4dd-14a13dfead9f,Customer Focus,Champion customer focus across the organization,Individual,5,62.8,105,2025-05-19T20:33:44.696394,2025-11-17T20:33:44.696396
63b5a544-8cd8-4af6-898a-49e4165731b2,ac722a25-e4f0-4609-b4dd-14a13dfead9f,Excellence,Embrace excellence across the organization,Team,1,86.0,66,2025-03-16T20:33:44.696403,2025-11-17T20:33:44.696405
89d27724-f240-4547-84bd-4a418308269b,ac722a25-e4f0-4609-b4dd-14a13dfead9f,Respect,Create respect across the organization,Organizational,3,70.3,26,2025-08-13T20:33:44.696413,2025-11-17T20:33:44.696414
cd5c032b-4850-4129-a633-7f96f9b09dd5,ac722a25-e4f0-4609-b4dd-14a13dfead9f,Collaboration,Drive collaboration across the organization,Individual,3,70.5,137,2025-02-24T20:33:44.696421,2025-11-17T20:33:44.696424
f5ace3d4-b9a2-431a-949d-68800422575a,ac722a25-e4f0-4609-b4dd-14a13dfead9f,Transparency,Build transparency across the organization,Organizational,5,52.4,304,2025-04-29T20:33:44.696439,2025-11-17T20:33:44.696441
25c24d01-75a6-48de-b66e-b77374bf1dc3,ac722a25-e4f0-4609-b4dd-14a13dfead9f,Accountability,Pursue accountability across the organization,Team,2,90.8,371,2025-03-23T20:33:44.696448,2025-11-17T20:33:44.696450
a334e0e9-b015-4185-ab0f-95ff637a8a7d,ac722a25-e4f0-4609-b4dd-14a13dfead9f,Empowerment,Foster empowerment across the organization,Individual,1,43.5,329,2024-11-26T20:33:44.696456,2025-11-17T20:33:44.696458
803dae35-eec9-4fda-8728-f2db19bd3fef,34e4bbed-be9a-4e32-a676-9d1883ce1bbe,Accountability,Enable accountability across the organization,Organizational,3,54.4,384,2025-06-16T20:33:44.709901,2025-11-17T20:33:44.709903
0085bd19-21ed-415e-8480-2bfaa42cf97d,34e4bbed-be9a-4e32-a676-9d1883ce1bbe,Collaboration,Build collaboration across the organization,Team,2,53.7,247,2025-08-16T20:33:44.709912,2025-11-17T20:33:44.709914
792a3a7a-b077-4e2b-9adc-5cdcdd7ecd16,34e4bbed-be9a-4e32-a676-9d1883ce1bbe,Empowerment,Build empowerment across the organization,Individual,5,81.0,412,2025-07-03T20:33:44.709922,2025-11-17T20:33:44.709924
aacc7a44-692c-4a9d-a21c-093b02dfdfb8,34e4bbed-be9a-4e32-a676-9d1883ce1bbe,Excellence,Cultivate excellence across the organization,Organizational,2,43.0,285,2025-04-23T20:33:44.709933,2025-11-17T20:33:44.709934
98d87d80-3a9e-420b-912a-6b1d344bacdd,34e4bbed-be9a-4e32-a676-9d1883ce1bbe,Integrity,Enable integrity across the organization,Team,1,52.1,57,2024-11-18T20:33:44.709942,2025-11-17T20:33:44.709944
1e778853-fb20-402a-bc29-6c8ec452b18b,34e4bbed-be9a-4e32-a676-9d1883ce1bbe,Transparency,Demonstrate transparency across the organization,Individual,2,48.9,183,2025-03-27T20:33:44.709955,2025-11-17T20:33:44.709957
268355f2-1e1c-452d-aa56-aaa500a56367,34e4bbed-be9a-4e32-a676-9d1883ce1bbe,Agility,Build agility across the organization,Organizational,3,59.7,494,2025-03-01T20:33:44.709965,2025-11-17T20:33:44.709967
f2bbc627-f772-4d8a-88c2-f4b268a184c6,b2507ebb-d326-47be-be1e-9a09a01657fa,Accountability,Enable accountability across the organization,Individual,3,85.2,438,2025-02-03T20:33:44.738133,2025-11-17T20:33:44.738138
cf2b69c9-b62a-46d5-96f0-04d0b1fac336,b2507ebb-d326-47be-be1e-9a09a01657fa,Diversity,Foster diversity across the organization,Individual,4,76.3,97,2025-07-14T20:33:44.738154,2025-11-17T20:33:44.738156
3e6d91a9-0ca2-4995-8b5b-bd894e4313fd,b2507ebb-d326-47be-be1e-9a09a01657fa,Transparency,Create transparency across the organization,Individual,1,59.4,11,2025-03-27T20:33:44.738164,2025-11-17T20:33:44.738166
79a33624-9954-4080-81ed-6b57358a363a,b2507ebb-d326-47be-be1e-9a09a01657fa,Excellence,Build excellence across the organization,Organizational,5,45.9,307,2025-03-03T20:33:44.738174,2025-11-17T20:33:44.738176
0f8f5a48-b61a-43c4-9104-e858eb837904,b2507ebb-d326-47be-be1e-9a09a01657fa,Sustainability,Enable sustainability across the organization,Individual,1,42.8,49,2025-06-04T20:33:44.738184,2025-11-17T20:33:44.738186
34a0bf28-e994-4f31-8d96-872ec75d983b,b2507ebb-d326-47be-be1e-9a09a01657fa,Respect,Pursue respect across the organization,Team,2,57.8,274,2025-04-12T20:33:44.738198,2025-11-17T20:33:44.738199
fb73ead6-74aa-4232-8ae9-864214d9bb89,b2507ebb-d326-47be-be1e-9a09a01657fa,Innovation,Create innovation across the organization,Individual,4,63.4,370,2025-01-22T20:33:44.738207,2025-11-17T20:33:44.738209
0055a14a-c3e1-4291-a35f-5681b55efc7f,7dee464b-5344-4ca6-a355-8ed45977834d,Agility,Cultivate agility across the organization,Organizational,3,90.5,306,2025-07-19T20:33:44.755208,2025-11-17T20:33:44.755211
6f2ece66-7010-47e2-a8e0-530430b3aa8f,7dee464b-5344-4ca6-a355-8ed45977834d,Collaboration,Foster collaboration across the organization,Individual,1,67.1,18,2025-04-30T20:33:44.755220,2025-11-17T20:33:44.755222
c60b4471-12ba-4f14-a496-04b285096919,7dee464b-5344-4ca6-a355-8ed45977834d,Empowerment,Create empowerment across the organization,Organizational,3,50.1,375,2024-12-19T20:33:44.755234,2025-11-17T20:33:44.755236
c488c12e-a2b3-4087-af1b-061cdccfdc8b,7dee464b-5344-4ca6-a355-8ed45977834d,Diversity,Cultivate diversity across the organization,Team,2,65.6,436,2024-11-19T20:33:44.755244,2025-11-17T20:33:44.755246
6c42fe08-5a51-4c3c-a59c-5cb8fd9d89b6,7dee464b-5344-4ca6-a355-8ed45977834d,Customer Focus,Drive customer focus across the organization,Team,1,64.3,440,2024-11-18T20:33:44.755253,2025-11-17T20:33:44.755255
8fe16094-48b3-41cb-bdf4-c9c6897b4649,7dee464b-5344-4ca6-a355-8ed45977834d,Respect,Demonstrate respect across the organization,Team,4,41.4,295,2025-04-07T20:33:44.755266,2025-11-17T20:33:44.755268
d97d0c1c-3c6b-4a1b-b818-3acb276c5be3,7dee464b-5344-4ca6-a355-8ed45977834d,Sustainability,Drive sustainability across the organization,Team,2,71.2,472,2025-05-26T20:33:44.755276,2025-11-17T20:33:44.755278
7ca2e032-9509-4f5f-91e2-ee01e369f08b,7dee464b-5344-4ca6-a355-8ed45977834d,Integrity,Embrace integrity across the organization,Organizational,5,53.8,360,2025-05-20T20:33:44.755286,2025-11-17T20:33:44.755288
5b5ecb04-b859-4bca-a147-24b7e67a023a,7dee464b-5344-4ca6-a355-8ed45977834d,Accountability,Foster accountability across the organization,Team,5,93.6,87,2025-07-16T20:33:44.755296,2025-11-17T20:33:44.755297
0282b1ad-d50b-4338-8d37-c61f1595970a,7dee464b-5344-4ca6-a355-8ed45977834d,Innovation,Enable innovation across the organization,Organizational,3,49.0,312,2025-06-28T20:33:44.755306,2025-11-17T20:33:44.755307
091e8444-88f1-4d66-8f7e-473a85e2d41e,606e1379-5df9-496e-b973-4d51acfa5de8,Collaboration,Cultivate collaboration across the organization,Individual,3,83.7,272,2025-08-03T20:33:44.776235,2025-11-17T20:33:44.776238
4fc49141-7313-47e8-baa9-fdcbec9ecca5,606e1379-5df9-496e-b973-4d51acfa5de8,Respect,Create respect across the organization,Individual,1,86.4,136,2024-12-28T20:33:44.776245,2025-11-17T20:33:44.776249
396e299f-191d-4c5b-8a4b-217e166b2d0e,606e1379-5df9-496e-b973-4d51acfa5de8,Empowerment,Champion empowerment across the organization,Individual,1,61.1,22,2025-07-21T20:33:44.776256,2025-11-17T20:33:44.776258
3643c5f6-adec-4785-a5bd-a20fb6f18b92,606e1379-5df9-496e-b973-4d51acfa5de8,Customer Focus,Demonstrate customer focus across the organization,Team,4,84.9,213,2024-11-20T20:33:44.776264,2025-11-17T20:33:44.776266
96ae4aa9-78b7-433f-b3de-04050d3483d5,606e1379-5df9-496e-b973-4d51acfa5de8,Sustainability,Enable sustainability across the organization,Team,4,89.6,258,2025-05-11T20:33:44.776273,2025-11-17T20:33:44.776275
b725c974-94a1-4dd4-87f9-2e4671b09510,606e1379-5df9-496e-b973-4d51acfa5de8,Innovation,Create innovation across the organization,Team,1,55.0,476,2025-04-23T20:33:44.776284,2025-11-17T20:33:44.776285
2934fd55-b6d6-4682-855f-00ef0d74625d,6c1f1815-ec02-43eb-91bf-a44446b6aa14,Collaboration,Create collaboration across the organization,Organizational,2,56.7,163,2025-07-27T20:33:44.795166,2025-11-17T20:33:44.795168
fa301f04-7518-43b8-b721-2609d5619b0a,6c1f1815-ec02-43eb-91bf-a44446b6aa14,Respect,Demonstrate respect across the organization,Organizational,3,80.8,77,2025-05-14T20:33:44.795176,2025-11-17T20:33:44.795178
263b65e8-e726-470b-ac13-65bab73d5f38,6c1f1815-ec02-43eb-91bf-a44446b6aa14,Diversity,Foster diversity across the organization,Individual,2,47.0,304,2024-12-29T20:33:44.795185,2025-11-17T20:33:44.795187
b91cd98b-a4e2-40ba-bea3-fde1d80fefc3,6c1f1815-ec02-43eb-91bf-a44446b6aa14,Sustainability,Build sustainability across the organization,Organizational,4,50.5,429,2025-02-06T20:33:44.795194,2025-11-17T20:33:44.795196
e1f03062-6e88-4e29-b785-4aefe7687bdc,6c1f1815-ec02-43eb-91bf-a44446b6aa14,Integrity,Demonstrate integrity across the organization,Individual,5,60.2,432,2025-05-27T20:33:44.795202,2025-11-17T20:33:44.795204
1ef90754-8c4a-43b0-bef1-5533c2ca7217,6c1f1815-ec02-43eb-91bf-a44446b6aa14,Accountability,Pursue accountability across the organization,Team,4,94.1,194,2024-11-25T20:33:44.795213,2025-11-17T20:33:44.795215
386cc313-a6b9-45dd-8123-7f96fcd1a9db,387b2a28-4445-46d0-85c5-a4fd58635e66,Transparency,Champion transparency across the organization,Individual,1,60.5,391,2025-01-20T20:33:44.807424,2025-11-17T20:33:44.807427
33e4d740-b4ab-457a-bf73-4fe6f5027c16,387b2a28-4445-46d0-85c5-a4fd58635e66,Sustainability,Enable sustainability across the organization,Organizational,5,58.8,146,2025-04-02T20:33:44.807435,2025-11-17T20:33:44.807436
7202dfe7-7dcb-4cee-ae37-e7f38e2909bf,387b2a28-4445-46d0-85c5-a4fd58635e66,Innovation,Build innovation across the organization,Organizational,5,54.7,292,2025-01-10T20:33:44.807448,2025-11-17T20:33:44.807450
f5e782ad-e642-4c4d-bba3-1baa8eed9bbd,387b2a28-4445-46d0-85c5-a4fd58635e66,Respect,Foster respect across the organization,Organizational,1,56.0,493,2025-06-03T20:33:44.807457,2025-11-17T20:33:44.807459
b8ab42ad-1e8e-4aeb-b02c-297f2f8f70a7,387b2a28-4445-46d0-85c5-a4fd58635e66,Agility,Champion agility across the organization,Organizational,4,65.1,19,2025-03-17T20:33:44.807468,2025-11-17T20:33:44.807470
2250a8a1-c6d2-4b61-a822-b26c5bd9770d,387b2a28-4445-46d0-85c5-a4fd58635e66,Empowerment,Pursue empowerment across the organization,Organizational,3,51.9,329,2024-12-04T20:33:44.807479,2025-11-17T20:33:44.807481
fd5a5653-9456-4f88-932b-5da4294e5ffb,387b2a28-4445-46d0-85c5-a4fd58635e66,Collaboration,Cultivate collaboration across the organization,Team,1,48.5,120,2025-06-28T20:33:44.807488,2025-11-17T20:33:44.807490
bbde1499-f463-478d-981a-ecd069aeba21,387b2a28-4445-46d0-85c5-a4fd58635e66,Excellence,Build excellence across the organization,Individual,3,84.9,342,2025-05-23T20:33:44.807496,2025-11-17T20:33:44.807498
4edc79a2-8a47-474b-890f-b62d62e7ebda,387b2a28-4445-46d0-85c5-a4fd58635e66,Accountability,Drive accountability across the organization,Individual,5,73.6,196,2025-06-14T20:33:44.807504,2025-11-17T20:33:44.807506
9264e26a-814f-449b-a4ee-092f5a74ceac,a6914b19-adbb-465e-ac02-caaa50eedb0f,Sustainability,Foster sustainability across the organization,Team,5,48.8,336,2025-05-22T20:33:44.835441,2025-11-17T20:33:44.835444
e7098f9d-a852-4123-bb39-1425ad4791cf,a6914b19-adbb-465e-ac02-caaa50eedb0f,Respect,Demonstrate respect across the organization,Team,2,84.6,315,2025-03-05T20:33:44.835463,2025-11-17T20:33:44.835467
d5f61cce-0770-4e04-a0c3-06b0a6f12e9f,a6914b19-adbb-465e-ac02-caaa50eedb0f,Diversity,Enable diversity across the organization,Team,3,60.0,109,2025-01-31T20:33:44.835483,2025-11-17T20:33:44.835487
fea864b4-6613-4be1-9bf0-deb30d23bbca,a6914b19-adbb-465e-ac02-caaa50eedb0f,Excellence,Build excellence across the organization,Individual,4,64.0,83,2025-08-03T20:33:44.835500,2025-11-17T20:33:44.835504
e8539e82-b182-4587-b122-f8e00b616985,a6914b19-adbb-465e-ac02-caaa50eedb0f,Innovation,Demonstrate innovation across the organization,Individual,2,61.8,149,2025-06-22T20:33:44.835516,2025-11-17T20:33:44.835519
cbe32971-0edb-497a-a94b-006ba2683710,a6914b19-adbb-465e-ac02-caaa50eedb0f,Agility,Drive agility across the organization,Individual,3,82.1,247,2025-08-09T20:33:44.835536,2025-11-17T20:33:44.835539
8ff9999a-ab7a-4bc6-8964-01f9d588fabb,a6914b19-adbb-465e-ac02-caaa50eedb0f,Collaboration,Cultivate collaboration across the organization,Organizational,4,55.7,218,2025-03-24T20:33:44.835551,2025-11-17T20:33:44.835554
a78e3859-699f-4b1b-a7e9-b0bf74346290,5d5c6f21-13c1-4cbc-9dc1-c67f14247847,Respect,Drive respect across the organization,Individual,5,42.5,52,2025-01-12T20:33:44.856615,2025-11-17T20:33:44.856618
56151759-36c7-4109-a4fe-44374abbf892,5d5c6f21-13c1-4cbc-9dc1-c67f14247847,Empowerment,Build empowerment across the organization,Individual,5,74.2,194,2025-01-18T20:33:44.856626,2025-11-17T20:33:44.856628
08249ccd-0db5-4608-ab65-4c4353fdb0b2,5d5c6f21-13c1-4cbc-9dc1-c67f14247847,Integrity,Foster integrity across the organization,Individual,1,44.9,53,2025-03-01T20:33:44.856635,2025-11-17T20:33:44.856637
5c1dff55-7704-4b9c-a944-a714d8daaee8,5d5c6f21-13c1-4cbc-9dc1-c67f14247847,Diversity,Embrace diversity across the organization,Individual,4,45.2,120,2025-04-24T20:33:44.856643,2025-11-17T20:33:44.856645
bfdc30ba-b1a5-47c2-b0be-9947635ed2c3,5d5c6f21-13c1-4cbc-9dc1-c67f14247847,Innovation,Pursue innovation across the organization,Individual,4,53.1,88,2025-01-30T20:33:44.856651,2025-11-17T20:33:44.856653
02d42275-c722-444e-ba4d-73bda68e8f7b,5d5c6f21-13c1-4cbc-9dc1-c67f14247847,Sustainability,Embrace sustainability across the organization,Individual,5,94.6,450,2025-04-14T20:33:44.856662,2025-11-17T20:33:44.856664
de5c7dca-cbd4-4849-b318-2df6679d19c6,5d5c6f21-13c1-4cbc-9dc1-c67f14247847,Collaboration,Pursue collaboration across the organization,Organizational,5,55.3,325,2024-11-20T20:33:44.856671,2025-11-17T20:33:44.856673
6263091b-ba61-4770-bff1-ae832c74a014,5d5c6f21-13c1-4cbc-9dc1-c67f14247847,Agility,Foster agility across the organization,Individual,3,43.9,16,2025-06-22T20:33:44.856679,2025-11-17T20:33:44.856681
bd875d9b-e0e2-44ff-a4b7-a794bfe55a50,5d5c6f21-13c1-4cbc-9dc1-c67f14247847,Transparency,Enable transparency across the organization,Organizational,2,53.4,446,2025-02-19T20:33:44.856687,2025-11-17T20:33:44.856689
f292eb8a-c009-493e-afb8-8187588cd5e3,10f04d13-83f8-4976-8f5b-9f5ab4be5862,Transparency,Pursue transparency across the organization,Individual,1,41.2,199,2025-04-06T20:33:44.890915,2025-11-17T20:33:44.890919
d1355f6b-ed42-46ba-bcb1-1211221ffd53,10f04d13-83f8-4976-8f5b-9f5ab4be5862,Collaboration,Drive collaboration across the organization,Individual,5,73.8,39,2025-02-13T20:33:44.890932,2025-11-17T20:33:44.890935
127890e6-754e-4846-99c5-2459fb3ad94d,10f04d13-83f8-4976-8f5b-9f5ab4be5862,Integrity,Champion integrity across the organization,Individual,5,74.6,134,2025-07-08T20:33:44.890947,2025-11-17T20:33:44.890948
9ddf6b92-1eea-47e4-a435-c2d55081af5b,10f04d13-83f8-4976-8f5b-9f5ab4be5862,Empowerment,Pursue empowerment across the organization,Individual,4,79.7,361,2025-02-05T20:33:44.890956,2025-11-17T20:33:44.890958
1e64f8f6-fd32-425c-b174-c75d783b0390,10f04d13-83f8-4976-8f5b-9f5ab4be5862,Diversity,Foster diversity across the organization,Individual,1,85.1,440,2025-07-20T20:33:44.890966,2025-11-17T20:33:44.890968
70846dae-36c1-44c6-b756-d825cbe88d17,10f04d13-83f8-4976-8f5b-9f5ab4be5862,Customer Focus,Cultivate customer focus across the organization,Organizational,1,65.8,263,2025-05-30T20:33:44.890981,2025-11-17T20:33:44.890983
2ee4058e-33cc-4fbb-9793-71e2bbeef291,10f04d13-83f8-4976-8f5b-9f5ab4be5862,Innovation,Create innovation across the organization,Individual,3,90.4,104,2025-04-26T20:33:44.890991,2025-11-17T20:33:44.890993
ddf6a40d-b7a5-45b8-9976-54bbb3713a01,10f04d13-83f8-4976-8f5b-9f5ab4be5862,Sustainability,Champion sustainability across the organization,Individual,4,59.7,162,2025-02-17T20:33:44.891001,2025-11-17T20:33:44.891003
872e5d80-ac87-4c50-b4ad-2c0705eead2b,d69f95b5-d0f9-49ad-9d45-42f7007be44f,Respect,Build respect across the organization,Organizational,4,46.5,63,2024-12-17T20:33:44.904384,2025-11-17T20:33:44.904388
a6aa0624-6fec-478b-9d3d-dfbd48e4658d,d69f95b5-d0f9-49ad-9d45-42f7007be44f,Accountability,Build accountability across the organization,Organizational,2,49.7,262,2025-01-17T20:33:44.904401,2025-11-17T20:33:44.904404
65562325-92c2-4c01-b840-57956e76db47,d69f95b5-d0f9-49ad-9d45-42f7007be44f,Transparency,Cultivate transparency across the organization,Organizational,5,50.4,90,2024-11-20T20:33:44.904415,2025-11-17T20:33:44.904419
d449bd01-6ee9-4256-8953-2f365e540c05,d69f95b5-d0f9-49ad-9d45-42f7007be44f,Excellence,Embrace excellence across the organization,Team,1,41.4,92,2024-12-14T20:33:44.904429,2025-11-17T20:33:44.904432
377d1ed2-3923-42cd-bb9b-18039b69bb05,d69f95b5-d0f9-49ad-9d45-42f7007be44f,Sustainability,Foster sustainability across the organization,Individual,3,61.5,340,2025-02-08T20:33:44.904443,2025-11-17T20:33:44.904446
90024dae-99c0-436f-9e37-420fe039682f,d69f95b5-d0f9-49ad-9d45-42f7007be44f,Customer Focus,Drive customer focus across the organization,Individual,3,41.0,207,2025-06-20T20:33:44.904465,2025-11-17T20:33:44.904467
da357480-0b24-48d4-8c56-b8871fcb15b6,d69f95b5-d0f9-49ad-9d45-42f7007be44f,Agility,Champion agility across the organization,Organizational,3,52.1,459,2025-02-13T20:33:44.904475,2025-11-17T20:33:44.904477
d75b9cf6-b506-422f-92f4-f42610c8f5b7,d69f95b5-d0f9-49ad-9d45-42f7007be44f,Collaboration,Enable collaboration across the organization,Team,3,63.1,121,2025-01-23T20:33:44.904485,2025-11-17T20:33:44.904487
a3a92537-aecc-4aec-9797-87815be7e126,d69f95b5-d0f9-49ad-9d45-42f7007be44f,Empowerment,Pursue empowerment across the organization,Organizational,2,64.1,432,2025-04-09T20:33:44.904495,2025-11-17T20:33:44.904497
560404bc-d89d-452b-8d24-6f3d38b797b3,d69f95b5-d0f9-49ad-9d45-42f7007be44f,Diversity,Pursue diversity across the organization,Organizational,5,49.1,194,2025-06-20T20:33:44.904505,2025-11-17T20:33:44.904507
ef9db842-9c84-40b5-86c1-6d7d27e3c8d7,403d4034-bfa2-4963-98e9-e7c9f9799498,Accountability,Embrace accountability across the organization,Team,1,90.9,179,2025-04-07T20:33:44.921810,2025-11-17T20:33:44.921812
702b92a5-2b2d-4b3f-90b0-d5c87250f29a,403d4034-bfa2-4963-98e9-e7c9f9799498,Diversity,Champion diversity across the organization,Team,5,44.3,372,2024-12-06T20:33:44.921820,2025-11-17T20:33:44.921822
0f243d13-9918-49fe-9fea-53fe4ac26790,403d4034-bfa2-4963-98e9-e7c9f9799498,Innovation,Foster innovation across the organization,Individual,4,72.0,271,2025-05-21T20:33:44.921830,2025-11-17T20:33:44.921832
2ebc19f2-6c22-4b86-92bb-6687a8eef580,403d4034-bfa2-4963-98e9-e7c9f9799498,Empowerment,Cultivate empowerment across the organization,Individual,4,40.3,279,2025-03-27T20:33:44.921839,2025-11-17T20:33:44.921841
4ba65904-67cd-410f-be62-42d2d51521eb,403d4034-bfa2-4963-98e9-e7c9f9799498,Integrity,Enable integrity across the organization,Team,1,70.5,379,2025-03-20T20:33:44.921848,2025-11-17T20:33:44.921850
56f0e215-d7c1-42ac-8a0b-502d883e18b2,403d4034-bfa2-4963-98e9-e7c9f9799498,Transparency,Cultivate transparency across the organization,Organizational,5,90.6,139,2025-06-21T20:33:44.921859,2025-11-17T20:33:44.921861
0a5cc3dd-da3a-46bf-90f2-e5edff69ddbd,403d4034-bfa2-4963-98e9-e7c9f9799498,Respect,Enable respect across the organization,Organizational,2,84.8,58,2025-03-19T20:33:44.921873,2025-11-17T20:33:44.921874
1038edfb-dbb9-4078-91a3-ef7a2fde44e4,403d4034-bfa2-4963-98e9-e7c9f9799498,Excellence,Champion excellence across the organization,Team,4,52.8,394,2024-12-06T20:33:44.921881,2025-11-17T20:33:44.921883
eb247bfd-32ad-47c2-a816-bc80be5a6568,403d4034-bfa2-4963-98e9-e7c9f9799498,Collaboration,Drive collaboration across the organization,Individual,2,93.8,402,2024-11-17T20:33:44.921889,2025-11-17T20:33:44.921891
7082de8a-9bf9-4965-95a1-71f87c45cc03,2bf694d5-e059-40ae-bce2-c4a09cabf37f,Collaboration,Drive collaboration across the organization,Individual,3,54.7,151,2025-02-03T20:33:44.938314,2025-11-17T20:33:44.938318
dbc124c7-87fb-42fa-8939-545c0c6acb80,2bf694d5-e059-40ae-bce2-c4a09cabf37f,Agility,Embrace agility across the organization,Individual,1,44.5,113,2025-07-03T20:33:44.938328,2025-11-17T20:33:44.938330
88effc5f-1dbb-4c5a-a1ef-7697eb2d075d,2bf694d5-e059-40ae-bce2-c4a09cabf37f,Sustainability,Enable sustainability across the organization,Organizational,1,41.3,336,2025-02-12T20:33:44.938337,2025-11-17T20:33:44.938339
9ede3d45-3ae3-4900-a070-dd66b3ed61f1,2bf694d5-e059-40ae-bce2-c4a09cabf37f,Diversity,Cultivate diversity across the organization,Organizational,2,82.9,138,2025-08-13T20:33:44.938346,2025-11-17T20:33:44.938348
bac44ce7-caaa-493c-b0ba-66d4b2169d2c,2bf694d5-e059-40ae-bce2-c4a09cabf37f,Empowerment,Create empowerment across the organization,Team,2,85.6,210,2025-03-14T20:33:44.938354,2025-11-17T20:33:44.938356
3c417ee9-952d-4c00-af68-ae5badb1f876,f929e9e8-cadb-42c6-97da-cbfb83e04b1c,Collaboration,Drive collaboration across the organization,Organizational,4,84.2,115,2025-06-04T20:33:44.957398,2025-11-17T20:33:44.957400
a71820fc-a7d1-45ea-bd49-170cb3805d36,f929e9e8-cadb-42c6-97da-cbfb83e04b1c,Empowerment,Build empowerment across the organization,Team,5,87.0,441,2025-08-06T20:33:44.957408,2025-11-17T20:33:44.957410
f869210a-3f54-4859-a761-9ada2cc52a7a,f929e9e8-cadb-42c6-97da-cbfb83e04b1c,Diversity,Create diversity across the organization,Individual,5,72.4,322,2025-02-10T20:33:44.957417,2025-11-17T20:33:44.957418
430dd78a-3e93-46df-b1bc-15fa0a8717a4,f929e9e8-cadb-42c6-97da-cbfb83e04b1c,Customer Focus,Build customer focus across the organization,Team,3,60.6,456,2025-01-22T20:33:44.957425,2025-11-17T20:33:44.957427
edccec6b-e881-4899-8e30-c1d5683ae8ee,f929e9e8-cadb-42c6-97da-cbfb83e04b1c,Agility,Create agility across the organization,Organizational,5,58.3,172,2025-04-02T20:33:44.957433,2025-11-17T20:33:44.957436
90ab1d44-994f-431f-b60b-a49a7da93987,f929e9e8-cadb-42c6-97da-cbfb83e04b1c,Integrity,Embrace integrity across the organization,Individual,5,85.2,231,2025-05-29T20:33:44.957445,2025-11-17T20:33:44.957447
5d3e38c1-fa0e-452c-820d-be9db671b55c,f929e9e8-cadb-42c6-97da-cbfb83e04b1c,Respect,Embrace respect across the organization,Individual,2,73.2,134,2025-05-17T20:33:44.957457,2025-11-17T20:33:44.957459
4ed01acc-78fb-4104-9792-885df886a5a5,f929e9e8-cadb-42c6-97da-cbfb83e04b1c,Sustainability,Foster sustainability across the organization,Team,4,49.1,341,2025-05-24T20:33:44.957466,2025-11-17T20:33:44.957467
e54257d4-076d-4057-b0be-60516644a534,a72d731d-4bfb-4eff-b763-654017270de8,Sustainability,Embrace sustainability across the organization,Individual,1,87.8,319,2025-06-26T20:33:44.987915,2025-11-17T20:33:44.987919
4ccdfdbe-4141-4221-b87a-4c6741bde2ee,a72d731d-4bfb-4eff-b763-654017270de8,Agility,Pursue agility across the organization,Organizational,1,76.1,150,2025-06-13T20:33:44.987928,2025-11-17T20:33:44.987930
e3fd18b3-bf4d-4e42-a49e-13c37dcde447,a72d731d-4bfb-4eff-b763-654017270de8,Transparency,Foster transparency across the organization,Team,4,58.0,61,2025-07-08T20:33:44.987939,2025-11-17T20:33:44.987941
ca4a0902-edb3-485b-a6a9-5e8db1efd68b,a72d731d-4bfb-4eff-b763-654017270de8,Customer Focus,Embrace customer focus across the organization,Organizational,3,91.7,187,2025-07-09T20:33:44.987949,2025-11-17T20:33:44.987950
312c3abb-bf8d-43dc-9a14-ebf4c08c316a,a72d731d-4bfb-4eff-b763-654017270de8,Diversity,Champion diversity across the organization,Team,5,86.4,121,2025-05-14T20:33:44.987966,2025-11-17T20:33:44.987969
961b7264-c8ed-4db9-8340-1a35fecba386,a72d731d-4bfb-4eff-b763-654017270de8,Integrity,Cultivate integrity across the organization,Organizational,2,68.8,67,2024-12-24T20:33:44.987987,2025-11-17T20:33:44.987989
95c15ff8-43d0-4543-8725-42343dcfb2b6,08c331d1-f2ae-4899-9820-a4c51c555c0e,Excellence,Create excellence across the organization,Individual,4,93.2,301,2025-01-01T20:33:45.018988,2025-11-17T20:33:45.018991
1f235db8-c941-4e95-8d45-059ec7e72faa,08c331d1-f2ae-4899-9820-a4c51c555c0e,Diversity,Create diversity across the organization,Individual,1,86.6,454,2025-05-29T20:33:45.019000,2025-11-17T20:33:45.019002
e837c610-5fdc-4dd6-9bd9-ed118d26dc62,08c331d1-f2ae-4899-9820-a4c51c555c0e,Sustainability,Pursue sustainability across the organization,Individual,3,53.5,47,2025-01-15T20:33:45.019011,2025-11-17T20:33:45.019013
a9142940-2f61-4dad-b398-4c40145b9cb9,08c331d1-f2ae-4899-9820-a4c51c555c0e,Transparency,Foster transparency across the organization,Individual,5,85.4,177,2025-03-06T20:33:45.019021,2025-11-17T20:33:45.019023
37ce1b79-85f5-4cc4-b83b-77737cafd083,08c331d1-f2ae-4899-9820-a4c51c555c0e,Customer Focus,Enable customer focus across the organization,Team,4,61.1,317,2025-02-22T20:33:45.019031,2025-11-17T20:33:45.019033
d3d9dba8-fe13-40cb-9f07-dead34ea9732,08c331d1-f2ae-4899-9820-a4c51c555c0e,Empowerment,Demonstrate empowerment across the organization,Team,1,90.0,241,2025-03-10T20:33:45.019046,2025-11-17T20:33:45.019048
75eed783-c640-4500-8af4-3fdcfd4f2b48,08c331d1-f2ae-4899-9820-a4c51c555c0e,Agility,Drive agility across the organization,Team,1,64.9,440,2024-12-01T20:33:45.019056,2025-11-17T20:33:45.019058
24b12f30-9993-4c66-93e3-b5274438eca9,cc7e759f-bd14-4a0e-af00-97f69c312cf6,Collaboration,Build collaboration across the organization,Individual,1,43.4,227,2025-05-29T20:33:45.062471,2025-11-17T20:33:45.062474
40658c72-04ac-4d74-81a7-8ce5fb0c4386,cc7e759f-bd14-4a0e-af00-97f69c312cf6,Customer Focus,Pursue customer focus across the organization,Individual,4,84.0,138,2025-04-01T20:33:45.062485,2025-11-17T20:33:45.062487
e5fb8217-8127-497e-9f13-b23ec034c42e,cc7e759f-bd14-4a0e-af00-97f69c312cf6,Excellence,Drive excellence across the organization,Individual,1,87.0,341,2024-12-28T20:33:45.062495,2025-11-17T20:33:45.062497
4c17307e-f339-4c2e-83c6-e3cf895a899f,cc7e759f-bd14-4a0e-af00-97f69c312cf6,Agility,Enable agility across the organization,Individual,5,42.5,69,2025-01-04T20:33:45.062506,2025-11-17T20:33:45.062510
7e15a9d8-1c6e-4006-9155-fdfcd5b77dbd,cc7e759f-bd14-4a0e-af00-97f69c312cf6,Empowerment,Pursue empowerment across the organization,Individual,4,47.9,283,2025-04-14T20:33:45.062519,2025-11-17T20:33:45.062521
5f98573a-dd8b-45a7-85c2-af0cabf56afb,cc7e759f-bd14-4a0e-af00-97f69c312cf6,Respect,Demonstrate respect across the organization,Organizational,5,53.0,182,2025-06-20T20:33:45.062542,2025-11-17T20:33:45.062544
f9029305-b616-4caf-91aa-982cb30dc183,f8497bdf-63ea-4838-a2c7-d5ee50fa698f,Agility,Create agility across the organization,Team,3,87.6,471,2025-06-25T20:33:45.081031,2025-11-17T20:33:45.081033
4d13e4b0-f485-4dbf-b1fe-a02d166bde75,f8497bdf-63ea-4838-a2c7-d5ee50fa698f,Excellence,Champion excellence across the organization,Individual,4,88.5,146,2025-05-15T20:33:45.081043,2025-11-17T20:33:45.081045
19a6d813-e46d-4049-84f6-6a61055d0e49,f8497bdf-63ea-4838-a2c7-d5ee50fa698f,Diversity,Embrace diversity across the organization,Team,2,73.4,95,2025-03-29T20:33:45.081052,2025-11-17T20:33:45.081054
93cbbd6c-7dfc-4d0e-888b-4399ae723094,f8497bdf-63ea-4838-a2c7-d5ee50fa698f,Customer Focus,Champion customer focus across the organization,Individual,1,91.3,56,2024-12-10T20:33:45.081060,2025-11-17T20:33:45.081062
73fe31ab-2b7c-468c-9091-d7d7e2e13fe6,f8497bdf-63ea-4838-a2c7-d5ee50fa698f,Transparency,Foster transparency across the organization,Individual,3,79.7,44,2025-03-21T20:33:45.081071,2025-11-17T20:33:45.081073
6ca7d8d3-e6b5-48dc-9436-9028a284064d,f8497bdf-63ea-4838-a2c7-d5ee50fa698f,Respect,Embrace respect across the organization,Organizational,2,91.2,66,2025-03-02T20:33:45.081082,2025-11-17T20:33:45.081084
c352f409-31d1-417e-9df4-71aad9c84e28,f8497bdf-63ea-4838-a2c7-d5ee50fa698f,Accountability,Champion accountability across the organization,Team,2,80.1,424,2025-04-23T20:33:45.081091,2025-11-17T20:33:45.081092
f5de70f1-1776-4c6b-a7ab-772db2a5253a,f8497bdf-63ea-4838-a2c7-d5ee50fa698f,Innovation,Create innovation across the organization,Individual,1,89.1,407,2025-01-12T20:33:45.081099,2025-11-17T20:33:45.081101
24f77ae8-379e-4ba1-aa05-2dcabbf63d8e,027af966-b16a-430f-b0a8-b4f7de265c2b,Innovation,Pursue innovation across the organization,Individual,4,91.1,125,2025-04-23T20:33:45.094851,2025-11-17T20:33:45.094853
a48a395d-e022-4d03-ba21-07fc31bf994d,027af966-b16a-430f-b0a8-b4f7de265c2b,Customer Focus,Create customer focus across the organization,Organizational,2,49.9,346,2025-08-09T20:33:45.094861,2025-11-17T20:33:45.094863
63636707-2afb-41a1-a213-5d468ef79aa2,027af966-b16a-430f-b0a8-b4f7de265c2b,Sustainability,Create sustainability across the organization,Individual,4,86.1,131,2025-06-23T20:33:45.094870,2025-11-17T20:33:45.094872
6dd89796-9c66-4731-b3dc-e515b3ba5cc7,027af966-b16a-430f-b0a8-b4f7de265c2b,Respect,Foster respect across the organization,Organizational,3,94.7,94,2025-01-12T20:33:45.094878,2025-11-17T20:33:45.094880
d3afb17e-5917-42b6-9e30-f9de56d8cb35,027af966-b16a-430f-b0a8-b4f7de265c2b,Accountability,Demonstrate accountability across the organization,Team,5,86.9,409,2025-07-25T20:33:45.094886,2025-11-17T20:33:45.094888
4ecfcc19-538d-473b-9083-51a9fea2dde6,027af966-b16a-430f-b0a8-b4f7de265c2b,Excellence,Pursue excellence across the organization,Individual,1,50.7,185,2025-07-20T20:33:45.094899,2025-11-17T20:33:45.094901
d46f6415-22cf-4b8b-8cd4-3990ccb44c21,027af966-b16a-430f-b0a8-b4f7de265c2b,Diversity,Foster diversity across the organization,Organizational,4,83.3,24,2025-06-21T20:33:45.094907,2025-11-17T20:33:45.094909
84232d9f-657f-42fc-b448-b132cc0a6139,027af966-b16a-430f-b0a8-b4f7de265c2b,Transparency,Champion transparency across the organization,Team,3,42.4,221,2025-05-20T20:33:45.094918,2025-11-17T20:33:45.094920
26417fd0-bd45-4686-add7-43d66aa526bd,55f6554c-55d0-4fbf-8743-1e0539f0f818,Agility,Build agility across the organization,Individual,2,64.4,39,2025-08-13T20:33:45.123481,2025-11-17T20:33:45.123484
b05e1a57-bf9c-426b-9f02-966ef40cc730,55f6554c-55d0-4fbf-8743-1e0539f0f818,Customer Focus,Pursue customer focus across the organization,Individual,2,56.1,78,2025-02-08T20:33:45.123492,2025-11-17T20:33:45.123494
5baa0e82-e057-474d-a587-6a42ddf9915e,55f6554c-55d0-4fbf-8743-1e0539f0f818,Collaboration,Create collaboration across the organization,Team,3,55.2,121,2025-02-19T20:33:45.123501,2025-11-17T20:33:45.123503
f450fb02-1d91-4309-967b-3b813fa91d32,55f6554c-55d0-4fbf-8743-1e0539f0f818,Integrity,Build integrity across the organization,Organizational,3,41.9,384,2025-05-08T20:33:45.123513,2025-11-17T20:33:45.123515
f3f060b9-5fc8-4519-a3cd-361562de56c9,55f6554c-55d0-4fbf-8743-1e0539f0f818,Excellence,Pursue excellence across the organization,Team,5,63.0,500,2025-05-10T20:33:45.123523,2025-11-17T20:33:45.123525
1ea8580d-985e-4c97-9401-cda757f422a0,55f6554c-55d0-4fbf-8743-1e0539f0f818,Diversity,Drive diversity across the organization,Organizational,1,58.7,192,2025-01-01T20:33:45.123534,2025-11-17T20:33:45.123536
186bd87a-8cda-4090-9170-7e8bede36f90,55f6554c-55d0-4fbf-8743-1e0539f0f818,Transparency,Pursue transparency across the organization,Organizational,1,66.1,251,2025-05-04T20:33:45.123543,2025-11-17T20:33:45.123545
28408841-c0bd-45b6-941e-13eb339573bf,55f6554c-55d0-4fbf-8743-1e0539f0f818,Sustainability,Champion sustainability across the organization,Individual,2,51.5,327,2025-07-25T20:33:45.123551,2025-11-17T20:33:45.123553
c7dea2ff-af66-4c37-a7d5-ff11fde7e39f,ff7b8e4e-92e3-43db-96e7-988a8e07effe,Sustainability,Enable sustainability across the organization,Individual,1,56.2,326,2025-05-03T20:33:45.155850,2025-11-17T20:33:45.155852
e519106c-c7b9-4ab9-825c-1b4802a3ca3a,ff7b8e4e-92e3-43db-96e7-988a8e07effe,Integrity,Demonstrate integrity across the organization,Team,2,91.5,49,2025-03-28T20:33:45.155860,2025-11-17T20:33:45.155863
f5037ddc-5648-4ec0-bc7e-1d667e0517dd,ff7b8e4e-92e3-43db-96e7-988a8e07effe,Accountability,Pursue accountability across the organization,Individual,3,51.3,184,2025-03-18T20:33:45.155870,2025-11-17T20:33:45.155872
83345aa1-57a5-4dcd-afc2-0e930e464e90,ff7b8e4e-92e3-43db-96e7-988a8e07effe,Agility,Enable agility across the organization,Individual,5,88.5,38,2025-01-14T20:33:45.155878,2025-11-17T20:33:45.155884
8df3538c-ccd1-4ee3-ba70-723184490813,ff7b8e4e-92e3-43db-96e7-988a8e07effe,Excellence,Create excellence across the organization,Team,1,57.3,299,2025-04-24T20:33:45.155892,2025-11-17T20:33:45.155894
e7f786e2-1a98-4031-bf5a-cbdabb9747cf,ff7b8e4e-92e3-43db-96e7-988a8e07effe,Customer Focus,Foster customer focus across the organization,Organizational,5,78.7,70,2024-12-09T20:33:45.155906,2025-11-17T20:33:45.155908
d0c7d8e1-8f3b-4715-a54b-e7156d02c0cb,33eba272-53ed-420f-9c57-0b4cc7e20db6,Integrity,Pursue integrity across the organization,Organizational,3,50.8,163,2025-04-13T20:33:45.177618,2025-11-17T20:33:45.177621
122a55b4-3030-435d-a2f2-2f8947ffc792,33eba272-53ed-420f-9c57-0b4cc7e20db6,Diversity,Pursue diversity across the organization,Organizational,5,71.3,98,2025-01-06T20:33:45.177628,2025-11-17T20:33:45.177631
65bc0c4a-6992-45f5-b478-b246d363d77d,33eba272-53ed-420f-9c57-0b4cc7e20db6,Empowerment,Enable empowerment across the organization,Organizational,1,56.8,306,2025-01-22T20:33:45.177638,2025-11-17T20:33:45.177642
3b652c51-2a9a-4424-8877-cf2e4b5a68b9,33eba272-53ed-420f-9c57-0b4cc7e20db6,Excellence,Build excellence across the organization,Individual,2,91.9,166,2025-05-31T20:33:45.177648,2025-11-17T20:33:45.177650
11a635da-0e66-4922-90af-949dfe585387,33eba272-53ed-420f-9c57-0b4cc7e20db6,Customer Focus,Foster customer focus across the organization,Individual,1,45.8,129,2025-06-13T20:33:45.177657,2025-11-17T20:33:45.177659
56f94574-bfa8-4526-a788-129762169068,33eba272-53ed-420f-9c57-0b4cc7e20db6,Collaboration,Build collaboration across the organization,Individual,1,76.5,54,2025-01-06T20:33:45.177676,2025-11-17T20:33:45.177678
cc7f47eb-229d-463f-9e77-55caeb683774,f34c2c97-575b-493e-b555-137383e5a6ee,Integrity,Build integrity across the organization,Individual,4,40.4,113,2025-07-18T20:33:45.201306,2025-11-17T20:33:45.201309
63172910-8b5a-41e4-a05f-322ff1c51c5d,f34c2c97-575b-493e-b555-137383e5a6ee,Customer Focus,Cultivate customer focus across the organization,Individual,2,92.4,207,2024-12-21T20:33:45.201317,2025-11-17T20:33:45.201319
a101ba15-dda5-4605-987b-2c94c470d70b,f34c2c97-575b-493e-b555-137383e5a6ee,Empowerment,Enable empowerment across the organization,Individual,4,43.7,413,2025-01-10T20:33:45.201326,2025-11-17T20:33:45.201328
5f509bec-2d54-44c3-8ab8-c955725c4fcd,f34c2c97-575b-493e-b555-137383e5a6ee,Agility,Embrace agility across the organization,Team,1,42.9,351,2025-03-17T20:33:45.201335,2025-11-17T20:33:45.201337
6312db22-8c47-49ee-bc6d-9826f87a5c81,f34c2c97-575b-493e-b555-137383e5a6ee,Respect,Foster respect across the organization,Individual,4,87.3,485,2025-08-09T20:33:45.201347,2025-11-17T20:33:45.201349
a1856817-6add-44f6-adcb-4017e0d9898a,f34c2c97-575b-493e-b555-137383e5a6ee,Diversity,Champion diversity across the organization,Team,3,40.4,265,2025-06-06T20:33:45.201358,2025-11-17T20:33:45.201360
613f9384-dc4f-41c3-a231-638243aaafca,f34c2c97-575b-493e-b555-137383e5a6ee,Transparency,Foster transparency across the organization,Organizational,1,59.3,199,2025-01-19T20:33:45.201366,2025-11-17T20:33:45.201368
d40c0a02-4762-4242-8653-51e76adf8862,f34c2c97-575b-493e-b555-137383e5a6ee,Accountability,Create accountability across the organization,Individual,5,77.1,36,2025-02-05T20:33:45.201374,2025-11-17T20:33:45.201376
560ae17c-2ca6-460b-9a1b-1c1bb75b01a1,052e496c-138d-4d9f-8c6d-bb749aca23ea,Accountability,Cultivate accountability across the organization,Team,2,81.8,59,2025-04-19T20:33:45.237211,2025-11-17T20:33:45.237214
ca8dd5f6-d71c-4121-b5a5-88d2588e023e,052e496c-138d-4d9f-8c6d-bb749aca23ea,Integrity,Create integrity across the organization,Organizational,4,43.3,186,2025-04-03T20:33:45.237222,2025-11-17T20:33:45.237224
fc65676a-794d-438c-9b5e-b09cbbe2eb42,052e496c-138d-4d9f-8c6d-bb749aca23ea,Empowerment,Build empowerment across the organization,Organizational,3,46.0,310,2024-12-31T20:33:45.237233,2025-11-17T20:33:45.237235
43b75cbf-2419-4996-b697-0687a0794f9d,052e496c-138d-4d9f-8c6d-bb749aca23ea,Collaboration,Create collaboration across the organization,Team,5,66.6,439,2025-07-17T20:33:45.237241,2025-11-17T20:33:45.237243
c5537da9-f4a8-4ed3-bcfe-52efcb31c67f,052e496c-138d-4d9f-8c6d-bb749aca23ea,Respect,Demonstrate respect across the organization,Individual,5,92.3,113,2025-01-08T20:33:45.237250,2025-11-17T20:33:45.237252
2ecd8a20-fe3c-40cd-a758-e91424102df0,052e496c-138d-4d9f-8c6d-bb749aca23ea,Diversity,Enable diversity across the organization,Organizational,3,92.9,89,2025-04-29T20:33:45.237266,2025-11-17T20:33:45.237268
07624534-37c5-4a83-b97f-bd2fb8536d13,052e496c-138d-4d9f-8c6d-bb749aca23ea,Transparency,Foster transparency across the organization,Individual,4,56.4,196,2025-07-29T20:33:45.237275,2025-11-17T20:33:45.237277
9e3a2ff7-ac74-4b79-85fa-394e3af6150f,052e496c-138d-4d9f-8c6d-bb749aca23ea,Sustainability,Pursue sustainability across the organization,Organizational,1,69.7,129,2025-02-28T20:33:45.237283,2025-11-17T20:33:45.237285
4fb533bf-b5a3-4319-b802-2400a884b6c9,052e496c-138d-4d9f-8c6d-bb749aca23ea,Agility,Embrace agility across the organization,Individual,2,82.8,88,2024-11-19T20:33:45.237291,2025-11-17T20:33:45.237295
7e565f02-a38c-4fdc-8936-b15260b618ce,0a759a54-93ca-4a16-ad26-fe19f4ef92b8,Excellence,Drive excellence across the organization,Individual,5,50.3,76,2025-08-05T20:33:45.266678,2025-11-17T20:33:45.266680
0e30b2c9-9865-4364-94d6-47cb25ed7c9c,0a759a54-93ca-4a16-ad26-fe19f4ef92b8,Empowerment,Drive empowerment across the organization,Individual,3,49.5,114,2024-12-20T20:33:45.266691,2025-11-17T20:33:45.266693
17dfd97f-996b-4198-9874-cebf365e05d7,0a759a54-93ca-4a16-ad26-fe19f4ef92b8,Agility,Pursue agility across the organization,Organizational,5,77.9,286,2025-05-17T20:33:45.266700,2025-11-17T20:33:45.266702
b9cdca22-6a89-4fa1-91c0-46e3b0a3b092,0a759a54-93ca-4a16-ad26-fe19f4ef92b8,Sustainability,Champion sustainability across the organization,Organizational,2,75.4,423,2025-03-28T20:33:45.266709,2025-11-17T20:33:45.266711
f91b0e55-ea53-40d4-a26e-2ac52cf91bee,0a759a54-93ca-4a16-ad26-fe19f4ef92b8,Respect,Pursue respect across the organization,Individual,1,59.2,391,2025-06-26T20:33:45.266718,2025-11-17T20:33:45.266719
5f43e8b3-d376-4521-a2ec-5d02b0c0b316,0a759a54-93ca-4a16-ad26-fe19f4ef92b8,Diversity,Build diversity across the organization,Individual,1,50.0,89,2024-12-23T20:33:45.266730,2025-11-17T20:33:45.266732
8e3e5b34-5128-4315-acf8-f727316cb1b6,0a759a54-93ca-4a16-ad26-fe19f4ef92b8,Transparency,Create transparency across the organization,Individual,1,81.2,218,2025-05-16T20:33:45.266738,2025-11-17T20:33:45.266740
59c52bf6-d811-4554-b560-cf3a712ce28a,0a759a54-93ca-4a16-ad26-fe19f4ef92b8,Integrity,Champion integrity across the organization,Individual,5,86.2,353,2025-03-15T20:33:45.266746,2025-11-17T20:33:45.266748
be5b5023-8659-4a4b-9e1c-326097cb6346,0a759a54-93ca-4a16-ad26-fe19f4ef92b8,Collaboration,Pursue collaboration across the organization,Team,5,66.6,223,2025-08-19T20:33:45.266754,2025-11-17T20:33:45.266756
800544c7-c708-4ffc-b1ad-e8153c0e2be8,59967385-3216-4557-ac57-be74c8e88c10,Customer Focus,Create customer focus across the organization,Individual,4,68.4,427,2024-12-05T20:33:45.293476,2025-11-17T20:33:45.293479
5fdf5ecf-f0f0-4ecc-a923-41608264ae32,59967385-3216-4557-ac57-be74c8e88c10,Accountability,Cultivate accountability across the organization,Team,3,80.9,265,2025-07-19T20:33:45.293488,2025-11-17T20:33:45.293490
22fdb8f1-1f03-4a5e-81ab-496f1d0ae442,59967385-3216-4557-ac57-be74c8e88c10,Diversity,Drive diversity across the organization,Individual,3,85.8,63,2025-01-15T20:33:45.293497,2025-11-17T20:33:45.293499
71e5d332-27b4-4f4c-b05b-aca3dc3d1595,59967385-3216-4557-ac57-be74c8e88c10,Innovation,Enable innovation across the organization,Team,2,47.2,334,2025-03-17T20:33:45.293510,2025-11-17T20:33:45.293512
44638c7b-1dc5-4ddd-ab85-0f26f7f6e6d1,59967385-3216-4557-ac57-be74c8e88c10,Agility,Create agility across the organization,Organizational,1,82.6,196,2024-12-11T20:33:45.293519,2025-11-17T20:33:45.293521
8071f69d-d356-44fc-8d9c-bd5b9311a359,59967385-3216-4557-ac57-be74c8e88c10,Transparency,Build transparency across the organization,Individual,2,54.1,402,2025-07-08T20:33:45.293533,2025-11-17T20:33:45.293535
c27ba9f4-e9d2-4444-b531-0607f18640ed,dc1aa6c7-7ecf-4639-b748-71fd2c96f958,Customer Focus,Embrace customer focus across the organization,Individual,4,71.6,75,2025-06-10T20:33:45.308276,2025-11-17T20:33:45.308278
906b9f97-5dd8-4d50-93b0-f22ed5b33108,dc1aa6c7-7ecf-4639-b748-71fd2c96f958,Innovation,Champion innovation across the organization,Team,1,94.5,93,2025-05-30T20:33:45.308287,2025-11-17T20:33:45.308289
9a4e21de-5930-4b3f-ba1f-60ab9b1ab9a6,dc1aa6c7-7ecf-4639-b748-71fd2c96f958,Diversity,Create diversity across the organization,Individual,3,46.7,66,2025-03-01T20:33:45.308300,2025-11-17T20:33:45.308306
600e893e-c4f2-476d-ba01-39c458e2b9d6,dc1aa6c7-7ecf-4639-b748-71fd2c96f958,Excellence,Create excellence across the organization,Individual,2,65.1,60,2025-07-11T20:33:45.308315,2025-11-17T20:33:45.308316
be8b10a8-b430-419a-b464-d4a84aacc0f6,dc1aa6c7-7ecf-4639-b748-71fd2c96f958,Respect,Embrace respect across the organization,Organizational,3,76.2,453,2025-08-12T20:33:45.308324,2025-11-17T20:33:45.308326
2f3805cb-0794-42d2-960c-813766dd8515,dc1aa6c7-7ecf-4639-b748-71fd2c96f958,Collaboration,Demonstrate collaboration across the organization,Organizational,4,92.5,466,2025-07-08T20:33:45.308340,2025-11-17T20:33:45.308342
1ef7800a-4edc-4bf2-95ef-8cc81b9e6047,dc1aa6c7-7ecf-4639-b748-71fd2c96f958,Agility,Create agility across the organization,Team,3,63.3,383,2024-12-01T20:33:45.308349,2025-11-17T20:33:45.308351
fc03690a-a116-4a11-a754-5205311afae8,dc1aa6c7-7ecf-4639-b748-71fd2c96f958,Integrity,Pursue integrity across the organization,Team,2,76.8,77,2025-01-26T20:33:45.308360,2025-11-17T20:33:45.308361
876780b2-5fb3-4733-b9b8-bc02593371e9,dc1aa6c7-7ecf-4639-b748-71fd2c96f958,Transparency,Pursue transparency across the organization,Organizational,4,47.2,392,2025-07-21T20:33:45.308369,2025-11-17T20:33:45.308371
d01d58cf-cc5e-4e75-943b-fb2d33f2c1c7,ff093b7a-4474-4066-a7fc-27323a46e2a1,Innovation,Embrace innovation across the organization,Team,5,77.3,13,2025-06-16T20:33:45.328785,2025-11-17T20:33:45.328788
edc1c643-fb8a-4281-85a6-f566ae4a0375,ff093b7a-4474-4066-a7fc-27323a46e2a1,Integrity,Drive integrity across the organization,Team,5,79.2,156,2025-06-01T20:33:45.328799,2025-11-17T20:33:45.328801
acef0219-4941-4e7b-9e47-08ffe50f6a44,ff093b7a-4474-4066-a7fc-27323a46e2a1,Sustainability,Create sustainability across the organization,Organizational,1,44.8,138,2025-06-03T20:33:45.328810,2025-11-17T20:33:45.328811
cffaa8b1-1e71-401f-a1a9-01bba8b82a92,ff093b7a-4474-4066-a7fc-27323a46e2a1,Accountability,Enable accountability across the organization,Team,2,76.7,28,2024-11-28T20:33:45.328819,2025-11-17T20:33:45.328822
50e7c1fa-6fb3-4ece-beab-93ae2e1bf5f2,ff093b7a-4474-4066-a7fc-27323a46e2a1,Transparency,Cultivate transparency across the organization,Team,4,79.6,308,2025-07-13T20:33:45.328830,2025-11-17T20:33:45.328832
551e3c42-0bb8-43f3-bc66-9c72f5316854,ff093b7a-4474-4066-a7fc-27323a46e2a1,Collaboration,Drive collaboration across the organization,Individual,4,59.2,196,2024-12-09T20:33:45.328849,2025-11-17T20:33:45.328851
b9d9c6c9-251e-4af1-beaa-37990596d811,ff093b7a-4474-4066-a7fc-27323a46e2a1,Agility,Embrace agility across the organization,Individual,3,60.4,230,2025-06-22T20:33:45.328860,2025-11-17T20:33:45.328861
7db8060f-93bf-43e8-b69a-85a2dea1bdaa,ff093b7a-4474-4066-a7fc-27323a46e2a1,Excellence,Pursue excellence across the organization,Team,5,67.5,420,2025-06-08T20:33:45.328869,2025-11-17T20:33:45.328871
1d0c6360-760e-4e80-b35c-2151d30b78e1,ff093b7a-4474-4066-a7fc-27323a46e2a1,Respect,Drive respect across the organization,Organizational,3,47.9,37,2025-01-11T20:33:45.328878,2025-11-17T20:33:45.328880
b6a58352-007c-4e6e-a544-2197abcf5b91,ff093b7a-4474-4066-a7fc-27323a46e2a1,Diversity,Foster diversity across the organization,Team,1,90.1,209,2025-07-20T20:33:45.328889,2025-11-17T20:33:45.328890
60415e43-cc95-4c1f-92e6-f010f860e541,4fef0c1f-6638-4952-a4a0-ecb0ba379ff3,Empowerment,Enable empowerment across the organization,Organizational,3,52.6,104,2025-04-07T20:33:45.358281,2025-11-17T20:33:45.358283
11d00595-cfae-4cbf-a431-9a36d5b87df0,4fef0c1f-6638-4952-a4a0-ecb0ba379ff3,Customer Focus,Embrace customer focus across the organization,Organizational,2,89.1,100,2025-08-15T20:33:45.358292,2025-11-17T20:33:45.358294
ec21209c-b079-4bf7-8510-c2ba8ef183cb,4fef0c1f-6638-4952-a4a0-ecb0ba379ff3,Integrity,Champion integrity across the organization,Individual,3,41.3,278,2025-04-21T20:33:45.358303,2025-11-17T20:33:45.358305
d6d46748-fc5d-4eaa-88e0-bb3ee1787317,4fef0c1f-6638-4952-a4a0-ecb0ba379ff3,Innovation,Build innovation across the organization,Organizational,4,41.2,134,2025-03-26T20:33:45.358315,2025-11-17T20:33:45.358317
161afe86-3837-456c-a21d-46d6d2919066,4fef0c1f-6638-4952-a4a0-ecb0ba379ff3,Agility,Embrace agility across the organization,Organizational,2,62.7,190,2025-07-31T20:33:45.358325,2025-11-17T20:33:45.358326
75050a64-be5f-4d2a-81dc-e32f081e4d2d,4fef0c1f-6638-4952-a4a0-ecb0ba379ff3,Collaboration,Drive collaboration across the organization,Organizational,1,65.0,14,2025-06-08T20:33:45.358341,2025-11-17T20:33:45.358343
064e9443-c8c1-4666-8988-8d1e94de064e,4fef0c1f-6638-4952-a4a0-ecb0ba379ff3,Excellence,Drive excellence across the organization,Team,2,75.8,306,2025-01-24T20:33:45.358352,2025-11-17T20:33:45.358354
cad0fe10-495a-486d-acd6-1b6d63b316f3,4fef0c1f-6638-4952-a4a0-ecb0ba379ff3,Sustainability,Create sustainability across the organization,Team,1,57.5,291,2025-01-16T20:33:45.358362,2025-11-17T20:33:45.358364
